customer_id,customer_name,email,phone,city,join_date,status
CUST00001,Vihaan Sharma,vihaan.sharma1@email.com,9184935163,Hyderabad,2024-04-08,active
CUST00002,Vihaan Singh,vihaan.singh2@email.com,8536146025,Mumbai,2024-01-05,active
CUST00003,Reyansh Nair,reyansh.nair3@email.com,8170484433,Jaipur,2024-08-08,active
CUST00004,Kavya Chopra,kavya.chopra4@email.com,6946785248,Chennai,2023-07-11,active
CUST00005,Sai Chopra,sai.chopra5@email.com,7461364854,Hyderabad,2025-05-17,active
CUST00006,Vihaan Singh,vihaan.singh6@email.com,7631775357,Kolkata,2024-12-20,active
CUST00007,Vivaan Malhotra,vivaan.malhotra7@email.com,8303082117,Pune,2023-12-06,active
CUST00008,Kavya Joshi,kavya.joshi8@email.com,9562265906,Kolkata,2024-07-25,active
CUST00009,Aditya Patel,aditya.patel9@email.com,8840104345,Chennai,2023-12-08,active
CUST00010,Krishna Kumar,krishna.kumar10@email.com,7632629719,Kolkata,2024-05-26,active
CUST00011,Diya Rao,,6899825838,Delhi,2024-06-12,active
CUST00012,Kavya Nair,kavya.nair12@email.com,6701808367,Chennai,2024-09-19,active
CUST00013,Ananya Patel,ananya.patel13@email.com,6983753977,Kolkata,2025-09-26,active
CUST00014,Ishaan Singh,ishaan.singh14@email.com,6906164396,Lucknow,2025-04-02,suspended
CUST00015,Reyansh Kapoor,reyansh.kapoor15@email.com,7699226064,Ahmedabad,2024-04-15,suspended
CUST00016,Ishaan Gupta,ishaan.gupta16@email.com,7059257080,Jaipur,2024-12-17,active
CUST00017,Riya Chopra,riya.chopra17@email.com,9856119925,Kolkata,2024-09-19,active
CUST00018,Arjun Kapoor,arjun.kapoor18@email.com,6390452952,Delhi,2024-05-06,active
CUST00019,Sai Chopra,sai.chopra19@email.com,8561557300,Pune,2026-02-10,active
CUST00020,Neha Mehta,neha.mehta20@email.com,8376087131,Mumbai,2024-02-17,suspended
CUST00021,Kavya Mehta,kavya.mehta21@email.com,9301106403,Delhi,2025-02-18,active
CUST00022,Sara Reddy,sara.reddy22@email.com,7948728483,Chennai,2026-04-18,active
CUST00023,Sai Kumar,sai.kumar23@email.com,9738848790,Jaipur,2024-08-08,active
CUST00024,Arjun Rao,arjun.rao24@email.com,9274958945,Jaipur,2023-06-29,active
CUST00025,Pooja Desai,pooja.desai25@email.com,8098545541,Kolkata,2025-03-18,active
CUST00026,Krishna Patel,krishna.patel26@email.com,,Delhi,2023-12-20,suspended
CUST00027,Priya Singh,priya.singh27@email.com,9266761413,Bangalore,2024-03-16,active
CUST00028,Priya Reddy,priya.reddy28@email.com,7138409539,Lucknow,2025-11-10,active
CUST00029,Reyansh Iyer,reyansh.iyer29@email.com,9062092518,Kolkata,2025-12-11,active
CUST00030,Neha Malhotra,neha.malhotra30@email.com,6519709079,Delhi,2025-05-20,active
CUST00031,Aarav Nair,aarav.nair31@email.com,8527331058,Delhi,2023-10-26,active
CUST00032,Krishna Singh,krishna.singh32@email.com,9888749350,Kolkata,2023-11-20,active
CUST00033,Neha Nair,neha.nair33@email.com,7196050747,Hyderabad,2024-03-24,active
CUST00034,Riya Kapoor,riya.kapoor34@email.com,7043665192,Pune,2024-07-21,active
CUST00035,Vihaan Kumar,vihaan.kumar35@email.com,8830309370,Pune,2025-10-16,active
CUST00036,Myra Patel,myra.patel36@email.com,8892078691,Delhi,2023-10-30,active
CUST00037,Aadhya Desai,aadhya.desai37@email.com,9438518641,Hyderabad,2024-07-24,suspended
CUST00038,Reyansh Malhotra,reyansh.malhotra38@email.com,6602078388,Chennai,2026-01-30,active
CUST00039,Krishna Singh,krishna.singh39@email.com,7903232052,Jaipur,2024-01-14,active
CUST00040,Vivaan Sharma,vivaan.sharma40@email.com,6400560567,Hyderabad,2024-06-02,suspended
CUST00041,Sara Kapoor,not-an-email,8067418686,Pune,2023-10-26,active
CUST00042,Sai Verma,sai.verma42@email.com,6009257255,Chennai,2026-01-14,inactive
CUST00043,Shaurya Chopra,shaurya.chopra43@email.com,8991837720,Jaipur,2026-03-20,inactive
CUST00044,Arjun Iyer,arjun.iyer44@email.com,7274350418,Mumbai,2023-10-30,active
CUST00045,Ananya Patel,ananya.patel45@email.com,6215359682,Jaipur,2026-06-19,active
CUST00046,Sai Patel,sai.patel46@email.com,8181106786,Bangalore,2023-11-15,active
CUST00047,Pooja Singh,pooja.singh47@email.com,8900015820,Pune,2024-02-28,suspended
CUST00048,Riya Nair,riya.nair48@email.com,8486438403,Lucknow,2023-12-12,active
CUST00049,Sara Desai,sara.desai49@email.com,7119980130,Kolkata,2024-10-28,active
CUST00050,Ishaan Verma,ishaan.verma50@email.com,6562117925,Chennai,2026-01-19,active
CUST00051,Ananya Singh,ananya.singh51@email.com,6040009587,Lucknow,2024-01-18,active
CUST00052,Aditya Iyer,aditya.iyer52@email.com,8172758220,Kolkata,2023-11-15,active
CUST00053,Krishna Rao,krishna.rao53@email.com,7224011538,Jaipur,2025-03-08,active
CUST00054,Pooja Sharma,pooja.sharma54@email.com,8868450609,Chennai,2024-01-26,active
CUST00055,Arjun Mehta,arjun.mehta55@email.com,6495762348,Jaipur,2024-05-11,suspended
CUST00056,Ishaan Joshi,ishaan.joshi56@email.com,12345,Kolkata,2024-08-17,active
CUST00057,Ishaan Kapoor,ishaan.kapoor57@email.com,7078557553,Mumbai,2024-01-03,suspended
CUST00058,Sara Mehta,sara.mehta58@email.com,6189351213,Bangalore,2024-12-15,active
CUST00059,Sai Malhotra,sai.malhotra59@email.com,8369449369,Jaipur,2023-07-17,active
CUST00060,Vihaan Singh,vihaan.singh60@email.com,9792913072,Bangalore,2023-09-09,active
CUST00061,Diya Gupta,diya.gupta61@email.com,7845919895,Chennai,2025-07-13,active
CUST00062,Vivaan Rao,vivaan.rao62@email.com,6902271852,Delhi,2025-06-21,active
CUST00063,Kavya Chopra,kavya.chopra63@email.com,8665720874,Hyderabad,2024-05-25,active
CUST00064,Sai Chopra,sai.chopra64@email.com,6106456634,Kolkata,2025-10-18,active
CUST00065,Krishna Mehta,krishna.mehta65@email.com,6683749521,Delhi,2025-08-19,active
CUST00066,Vivaan Kapoor,vivaan.kapoor66@email.com,6955345537,Ahmedabad,2025-06-13,active
CUST00067,Shaurya Nair,shaurya.nair67@email.com,6957449367,Hyderabad,2025-09-21,active
CUST00068,Ananya Mehta,ananya.mehta68@email.com,9712367625,Chennai,2025-06-16,active
CUST00069,Neha Verma,neha.verma69@email.com,8918508077,Jaipur,2025-05-06,inactive
CUST00070,Aarav Kumar,aarav.kumar70@email.com,9766851291,Bangalore,2024-12-22,inactive
CUST00071,Vivaan Kumar,vivaan.kumar71@email.com,8562254028,Kolkata,2025-12-07,unknown_status
CUST00072,Pooja Kumar,pooja.kumar72@email.com,7654401763,Hyderabad,2024-11-30,suspended
CUST00073,Vivaan Chopra,vivaan.chopra73@email.com,6007263971,Jaipur,2024-08-04,active
CUST00074,Diya Chopra,diya.chopra74@email.com,6300535210,Kolkata,2025-03-31,suspended
CUST00075,Vihaan Joshi,vihaan.joshi75@email.com,8178074590,Pune,2025-04-26,active
CUST00076,Aadhya Joshi,aadhya.joshi76@email.com,8381183483,Pune,2025-08-12,active
CUST00077,Sai Joshi,sai.joshi77@email.com,7744079573,Mumbai,2025-03-11,active
CUST00078,Shaurya Iyer,shaurya.iyer78@email.com,7846355528,Lucknow,2025-04-17,active
CUST00079,Myra Malhotra,myra.malhotra79@email.com,7899061865,Jaipur,2026-02-21,active
CUST00080,Sai Singh,sai.singh80@email.com,7218853328,Lucknow,2025-05-14,active
CUST00081,Aditya Nair,aditya.nair81@email.com,8889635392,Hyderabad,2024-04-24,active
CUST00082,Aarav Patel,aarav.patel82@email.com,7051590706,Lucknow,2023-11-24,inactive
CUST00083,Myra Chopra,myra.chopra83@email.com,9805929053,Hyderabad,2025-08-22,active
CUST00084,Priya Verma,priya.verma84@email.com,7047905204,Mumbai,2024-02-01,active
CUST00085,Sara Nair,sara.nair85@email.com,6755427535,Jaipur,2026-02-03,active
CUST00086,Vivaan Nair,vivaan.nair86@email.com,9940503685,Ahmedabad,2024-03-27,active
CUST00087,Myra Desai,myra.desai87@email.com,9243774098,Lucknow,2026-04-26,suspended
CUST00088,Sara Malhotra,sara.malhotra88@email.com,9853479481,Ahmedabad,2026-01-04,active
CUST00089,Ishaan Nair,ishaan.nair89@email.com,9607183629,Jaipur,2026-03-16,active
CUST00090,Krishna Mehta,krishna.mehta90@email.com,7889238423,Chennai,2024-10-20,active
CUST00091,Ishaan Desai,ishaan.desai91@email.com,7373142116,Delhi,2024-04-06,suspended
CUST00092,Arjun Nair,arjun.nair92@email.com,7645124051,Hyderabad,2023-11-06,active
CUST00093,Sara Chopra,sara.chopra93@email.com,7421124738,Pune,2023-11-02,active
CUST00094,Reyansh Chopra,reyansh.chopra94@email.com,7672790155,Lucknow,2023-08-07,suspended
CUST00095,Riya Verma,riya.verma95@email.com,8048612358,Kolkata,2025-02-28,active
CUST00096,Aadhya Chopra,aadhya.chopra96@email.com,8311639723,Jaipur,2024-09-21,active
CUST00097,Priya Nair,priya.nair97@email.com,7172248246,Mumbai,2025-09-01,active
CUST00098,Ananya Verma,ananya.verma98@email.com,9110335359,Ahmedabad,2024-03-15,active
CUST00099,Pooja Sharma,pooja.sharma99@email.com,9895229819,Lucknow,2023-08-22,active
CUST00100,Aditya Chopra,aditya.chopra100@email.com,6582824840,Bangalore,2023-10-08,suspended
CUST00100,Ishaan Verma,duplicate@test.com,7405969000,Kolkata,2025-05-19,active
CUST00100,Duplicate Customer,duplicate@test.com,9229857594,Pune,2024-11-25,inactive
CUST00103,Aditya Kapoor,aditya.kapoor103@email.com,6083250566,Mumbai,2025-06-13,active
CUST00104,Krishna Singh,krishna.singh104@email.com,9355370399,Mumbai,2023-08-30,inactive
CUST00105,Krishna Iyer,krishna.iyer105@email.com,9604460472,Bangalore,2024-10-28,active
CUST00106,Arjun Kapoor,arjun.kapoor106@email.com,8875303857,Hyderabad,2026-02-04,active
CUST00107,Ishaan Rao,ishaan.rao107@email.com,6720648887,Delhi,2024-05-28,active
CUST00108,Shaurya Kumar,shaurya.kumar108@email.com,8485432021,Chennai,2025-08-04,active
CUST00109,Aadhya Iyer,aadhya.iyer109@email.com,6326402374,Hyderabad,2024-01-22,active
CUST00110,Shaurya Kumar,shaurya.kumar110@email.com,9419769846,Mumbai,2025-06-08,inactive
CUST00111,Kavya Chopra,kavya.chopra111@email.com,8841212515,Jaipur,2025-05-26,active
CUST00112,Aarav Chopra,aarav.chopra112@email.com,9531884396,Pune,2025-07-08,active
CUST00113,Myra Gupta,myra.gupta113@email.com,7870403050,Jaipur,2025-01-01,active
CUST00114,Pooja Kapoor,pooja.kapoor114@email.com,7996617659,Lucknow,2024-12-28,active
CUST00115,Ananya Nair,ananya.nair115@email.com,9567962531,Chennai,2026-01-06,suspended
CUST00116,Krishna Malhotra,krishna.malhotra116@email.com,8447485590,Pune,2025-05-16,active
CUST00117,Aarav Kapoor,aarav.kapoor117@email.com,9654814605,Ahmedabad,2024-09-04,active
CUST00118,Diya Mehta,diya.mehta118@email.com,7461744198,Lucknow,2025-01-13,active
CUST00119,Kavya Sharma,kavya.sharma119@email.com,8218897149,Delhi,2024-11-03,suspended
CUST00120,Sara Kapoor,sara.kapoor120@email.com,8384463652,Ahmedabad,2026-03-29,active
CUST00121,Myra Sharma,myra.sharma121@email.com,6399661102,Pune,2024-11-07,active
CUST00122,Shaurya Rao,shaurya.rao122@email.com,8032638323,Kolkata,2025-11-15,active
CUST00123,Kavya Desai,kavya.desai123@email.com,7511014697,Chennai,2025-03-16,active
CUST00124,Ishaan Nair,ishaan.nair124@email.com,6518213060,Kolkata,2024-02-27,active
CUST00125,Kavya Reddy,kavya.reddy125@email.com,6822662216,Ahmedabad,2025-01-14,active
CUST00126,Riya Joshi,riya.joshi126@email.com,6431756350,Chennai,2024-10-05,active
CUST00127,Diya Reddy,diya.reddy127@email.com,7298229437,Jaipur,2024-03-13,active
CUST00128,Ishaan Patel,ishaan.patel128@email.com,6234187462,Bangalore,2026-03-29,active
CUST00129,Vihaan Sharma,vihaan.sharma129@email.com,8465587067,Ahmedabad,2025-12-16,active
CUST00130,Ananya Reddy,ananya.reddy130@email.com,6220661337,Ahmedabad,2024-02-16,active
CUST00131,Aditya Verma,aditya.verma131@email.com,8112035409,Mumbai,2024-05-03,active
CUST00132,Arjun Joshi,arjun.joshi132@email.com,6365849190,Delhi,2025-10-27,inactive
CUST00133,Pooja Nair,pooja.nair133@email.com,9331578385,Ahmedabad,2025-12-20,active
CUST00134,Shaurya Chopra,shaurya.chopra134@email.com,7311598149,Mumbai,2024-01-17,active
CUST00135,Reyansh Iyer,reyansh.iyer135@email.com,7136646449,Bangalore,2024-10-31,active
CUST00136,Sai Singh,sai.singh136@email.com,6672302490,Ahmedabad,2026-02-14,active
CUST00137,Shaurya Patel,shaurya.patel137@email.com,6994182853,Chennai,2026-01-12,active
CUST00138,Aditya Nair,aditya.nair138@email.com,9968167735,Lucknow,2024-08-06,active
CUST00139,Sara Kumar,sara.kumar139@email.com,8338877621,Bangalore,2024-12-23,active
CUST00140,Arjun Singh,arjun.singh140@email.com,6256143439,Chennai,2025-02-08,active
CUST00141,Myra Kumar,myra.kumar141@email.com,8013042435,Pune,2025-01-05,active
CUST00142,Neha Kapoor,neha.kapoor142@email.com,7880160025,Mumbai,2025-11-28,active
CUST00143,Ananya Mehta,ananya.mehta143@email.com,6111088881,Lucknow,2023-08-09,active
CUST00144,Ishaan Patel,ishaan.patel144@email.com,9277528204,Ahmedabad,2026-05-25,active
CUST00145,Myra Mehta,myra.mehta145@email.com,6779489931,Pune,2026-03-31,inactive
CUST00146,Aditya Kapoor,aditya.kapoor146@email.com,7494481363,Kolkata,2024-01-28,active
CUST00147,Sai Desai,sai.desai147@email.com,7768002206,Chennai,2025-09-25,active
CUST00148,Kavya Patel,kavya.patel148@email.com,7953462417,Chennai,2025-04-20,active
CUST00149,Vihaan Verma,vihaan.verma149@email.com,9714762680,Mumbai,2026-01-29,active
CUST00150,Sara Patel,sara.patel150@email.com,6805660882,Lucknow,2026-04-13,active
CUST00151,Myra Patel,,6874275988,Bangalore,2025-02-06,active
CUST00152,Myra Kapoor,myra.kapoor152@email.com,6521521078,Lucknow,2024-10-30,active
CUST00153,Sai Joshi,sai.joshi153@email.com,8365835550,Pune,2024-01-04,active
CUST00154,Krishna Kumar,krishna.kumar154@email.com,7981903597,Bangalore,2026-04-13,suspended
CUST00155,Shaurya Mehta,shaurya.mehta155@email.com,7784517419,Ahmedabad,2024-11-08,active
CUST00156,Myra Gupta,myra.gupta156@email.com,7647489402,Lucknow,2026-05-03,active
CUST00157,Arjun Singh,arjun.singh157@email.com,7186473561,Pune,2025-05-24,active
CUST00158,Neha Mehta,neha.mehta158@email.com,9524233168,Chennai,2026-03-26,active
CUST00159,Arjun Malhotra,arjun.malhotra159@email.com,8313185971,Kolkata,2025-08-08,active
CUST00160,Myra Desai,myra.desai160@email.com,9734910807,Hyderabad,2025-08-20,active
CUST00161,Krishna Chopra,krishna.chopra161@email.com,6187463722,Ahmedabad,2025-08-16,active
CUST00162,Aadhya Gupta,aadhya.gupta162@email.com,8127420335,Bangalore,2026-04-21,inactive
CUST00163,Riya Desai,riya.desai163@email.com,9735334423,Ahmedabad,2024-01-18,active
CUST00164,Neha Malhotra,neha.malhotra164@email.com,6065917432,Pune,2024-05-09,active
CUST00165,Aditya Kapoor,aditya.kapoor165@email.com,9356625550,Kolkata,2025-09-19,inactive
CUST00166,Aditya Desai,aditya.desai166@email.com,9660778145,Jaipur,2025-08-14,active
CUST00167,Ananya Kapoor,ananya.kapoor167@email.com,9746856528,Lucknow,2023-11-15,active
CUST00168,Krishna Joshi,krishna.joshi168@email.com,6977046129,Pune,2024-01-15,active
CUST00169,Vihaan Malhotra,vihaan.malhotra169@email.com,6714531298,Mumbai,2023-09-30,active
CUST00170,Ananya Patel,ananya.patel170@email.com,7260005019,Pune,2024-04-21,active
CUST00171,Krishna Chopra,krishna.chopra171@email.com,8430642523,Bangalore,2024-06-10,active
CUST00172,Sai Singh,sai.singh172@email.com,8617747281,Lucknow,2024-11-02,suspended
CUST00173,Priya Gupta,priya.gupta173@email.com,6997241761,Chennai,2026-01-24,active
CUST00174,Ishaan Sharma,ishaan.sharma174@email.com,9860782736,Chennai,2024-05-16,active
CUST00175,Aditya Malhotra,aditya.malhotra175@email.com,7484193033,Chennai,2025-11-12,inactive
CUST00176,Ishaan Malhotra,ishaan.malhotra176@email.com,9630552730,Pune,2026-03-13,active
CUST00177,Vihaan Nair,vihaan.nair177@email.com,7637947177,Lucknow,2025-02-22,active
CUST00178,Shaurya Sharma,shaurya.sharma178@email.com,9564984187,Chennai,2023-07-14,active
CUST00179,Riya Patel,riya.patel179@email.com,9911070030,Ahmedabad,2025-02-03,active
CUST00180,Krishna Rao,krishna.rao180@email.com,6940617318,Lucknow,2024-11-22,active
CUST00181,Arjun Kumar,arjun.kumar181@email.com,9880089348,Mumbai,2025-03-21,active
CUST00182,Myra Patel,myra.patel182@email.com,8489250532,Bangalore,2023-12-29,active
CUST00183,Shaurya Desai,shaurya.desai183@email.com,9210405862,Hyderabad,2024-03-24,active
CUST00184,Kavya Rao,kavya.rao184@email.com,8279993598,Chennai,2024-05-29,active
CUST00185,Ishaan Kapoor,ishaan.kapoor185@email.com,9463841709,Kolkata,2024-02-18,active
CUST00186,Myra Singh,myra.singh186@email.com,6604546780,Hyderabad,2025-09-18,active
CUST00187,Kavya Rao,kavya.rao187@email.com,6387847884,Mumbai,2024-12-20,active
CUST00188,Kavya Kumar,kavya.kumar188@email.com,7953291127,Chennai,2025-08-16,active
CUST00189,Diya Kumar,diya.kumar189@email.com,8898400928,Mumbai,2025-04-29,active
CUST00190,Pooja Nair,pooja.nair190@email.com,8781645815,Ahmedabad,2025-03-07,active
CUST00191,Sara Kumar,sara.kumar191@email.com,6600337712,Mumbai,2025-03-12,active
CUST00192,Priya Kumar,priya.kumar192@email.com,6417436465,Jaipur,2024-03-31,active
CUST00193,Aadhya Malhotra,aadhya.malhotra193@email.com,7593482331,Jaipur,2025-11-02,active
CUST00194,Riya Gupta,riya.gupta194@email.com,9802823261,Delhi,2026-03-26,active
CUST00195,Pooja Chopra,pooja.chopra195@email.com,7201474778,Kolkata,2024-09-14,active
CUST00196,Myra Malhotra,myra.malhotra196@email.com,7014096062,Delhi,2025-07-19,suspended
CUST00197,Kavya Rao,kavya.rao197@email.com,6260060661,Hyderabad,2024-03-04,active
CUST00198,Myra Singh,myra.singh198@email.com,8846570058,Lucknow,2023-08-10,active
CUST00199,Vivaan Desai,vivaan.desai199@email.com,7046120419,Lucknow,2024-08-21,inactive
CUST00200,Aditya Iyer,aditya.iyer200@email.com,8518496186,Hyderabad,2025-04-30,active
CUST00201,Arjun Sharma,arjun.sharma201@email.com,987654321,Bangalore,2024-03-20,suspended
CUST00202,Kavya Mehta,kavya.mehta202@email.com,9429590757,Mumbai,2024-03-23,active
CUST00203,Aarav Rao,aarav.rao203@email.com,9392958303,Lucknow,2025-04-21,active
CUST00204,Aarav Reddy,aarav.reddy204@email.com,7139744790,Pune,2026-06-09,active
CUST00205,Vihaan Singh,vihaan.singh205@email.com,8045460840,Kolkata,2026-05-14,active
CUST00206,Riya Kumar,riya.kumar206@email.com,7941348507,Lucknow,2023-09-24,active
CUST00207,Neha Joshi,neha.joshi207@email.com,7967277638,Mumbai,2023-10-30,active
CUST00208,Priya Verma,priya.verma208@email.com,7830831254,Ahmedabad,2025-12-22,active
CUST00209,Aditya Singh,aditya.singh209@email.com,7383459732,Delhi,2024-03-12,active
CUST00210,Ishaan Desai,ishaan.desai210@email.com,7635971911,Jaipur,2025-02-20,inactive
CUST00211,Myra Chopra,myra.chopra211@email.com,6425968237,Delhi,2024-09-10,active
CUST00212,Sara Malhotra,sara.malhotra212@email.com,9814321889,Kolkata,2026-01-11,active
CUST00213,Aadhya Chopra,aadhya.chopra213@email.com,9133661881,Pune,2025-03-29,active
CUST00214,Ishaan Rao,ishaan.rao214@email.com,6655579180,Ahmedabad,2023-11-12,active
CUST00215,Aditya Singh,aditya.singh215@email.com,6400420225,Kolkata,2024-03-20,active
CUST00216,Kavya Patel,kavya.patel216@email.com,8518848328,Jaipur,2025-05-03,inactive
CUST00217,Vihaan Chopra,vihaan.chopra217@email.com,7518692176,Pune,2023-10-11,suspended
CUST00218,Shaurya Joshi,shaurya.joshi218@email.com,7510308881,Jaipur,2024-09-05,active
CUST00219,Arjun Kapoor,arjun.kapoor219@email.com,6963124353,Kolkata,2025-07-19,active
CUST00220,Vihaan Mehta,vihaan.mehta220@email.com,8465740756,Pune,2023-08-20,active
CUST00221,Pooja Mehta,pooja.mehta221@email.com,6124352982,Chennai,2025-05-23,active
CUST00222,Diya Sharma,diya.sharma222@email.com,6779130936,Lucknow,2025-09-25,suspended
CUST00223,Aditya Gupta,aditya.gupta223@email.com,9182437887,Mumbai,2024-01-01,active
CUST00224,Neha Iyer,neha.iyer224@email.com,7615742667,Kolkata,2024-05-15,active
CUST00225,Diya Joshi,diya.joshi225@email.com,9099231080,Lucknow,2023-12-18,active
CUST00226,Vivaan Gupta,vivaan.gupta226@email.com,6676070354,Mumbai,2023-12-12,active
CUST00227,Ishaan Malhotra,ishaan.malhotra227@email.com,8843005049,Lucknow,2025-12-19,active
CUST00228,Sara Mehta,sara.mehta228@email.com,6925861658,Delhi,2025-06-03,active
CUST00229,Sara Kumar,sara.kumar229@email.com,7216534332,Lucknow,2026-03-20,active
CUST00230,Neha Joshi,neha.joshi230@email.com,6195066088,Lucknow,2023-10-18,active
CUST00231,Aarav Iyer,aarav.iyer231@email.com,7294586283,Bangalore,2024-12-02,suspended
CUST00232,Shaurya Desai,shaurya.desai232@email.com,6515328854,Pune,2024-06-21,active
CUST00233,Arjun Verma,arjun.verma233@email.com,8287423767,Jaipur,2025-06-22,active
CUST00234,Aditya Verma,aditya.verma234@email.com,9701249758,Pune,2023-08-05,active
CUST00235,Myra Singh,myra.singh235@email.com,9702734323,Pune,2025-10-03,active
CUST00236,Sara Joshi,sara.joshi236@email.com,6494665880,Kolkata,2024-06-13,active
CUST00237,Pooja Malhotra,pooja.malhotra237@email.com,9573524070,Kolkata,2023-12-25,active
CUST00238,Sara Kumar,sara.kumar238@email.com,7045036297,Pune,2026-06-05,active
CUST00239,Aditya Verma,aditya.verma239@email.com,9738873895,Kolkata,2024-09-23,active
CUST00240,Ananya Reddy,ananya.reddy240@email.com,6328046924,Delhi,2026-06-18,active
CUST00241,Neha Iyer,neha.iyer241@email.com,9890908506,Kolkata,2024-04-25,active
CUST00242,Krishna Kumar,krishna.kumar242@email.com,6628973138,Bangalore,2024-05-06,active
CUST00243,Aditya Reddy,aditya.reddy243@email.com,9319357265,Ahmedabad,2026-01-02,active
CUST00244,Riya Desai,riya.desai244@email.com,9711912062,Kolkata,2024-05-02,inactive
CUST00245,Myra Singh,myra.singh245@email.com,8014000727,Chennai,2025-01-10,active
CUST00246,Riya Patel,riya.patel246@email.com,7511580323,Chennai,2026-01-28,active
CUST00247,Myra Patel,myra.patel247@email.com,6244340918,Chennai,2023-12-02,active
CUST00248,Aditya Verma,aditya.verma248@email.com,7987331439,Mumbai,2026-01-04,active
CUST00249,Riya Iyer,riya.iyer249@email.com,7380946943,Jaipur,2024-05-01,active
CUST00250,Vivaan Malhotra,vivaan.malhotra250@email.com,6444537179,Kolkata,2023-12-17,active
CUST00251,Neha Reddy,neha.reddy251@email.com,6168114160,Ahmedabad,2025-12-13,inactive
CUST00252,Neha Reddy,neha.reddy252@email.com,7562929828,Chennai,2025-08-29,active
CUST00253,Sara Desai,sara.desai253@email.com,8915843503,Kolkata,2023-11-09,active
CUST00254,Ananya Kumar,ananya.kumar254@email.com,8396433758,Chennai,2024-11-25,active
CUST00255,Pooja Gupta,pooja.gupta255@email.com,7431779064,Bangalore,2025-06-13,active
CUST00256,Shaurya Verma,shaurya.verma256@email.com,6553843145,Delhi,2025-03-23,active
CUST00257,Kavya Verma,kavya.verma257@email.com,8763782498,Bangalore,2026-06-10,active
CUST00258,Aditya Chopra,aditya.chopra258@email.com,8183941426,Kolkata,2025-03-21,active
CUST00259,Sai Iyer,sai.iyer259@email.com,7467729242,Ahmedabad,2024-07-25,suspended
CUST00260,Krishna Gupta,krishna.gupta260@email.com,6665484476,Delhi,2026-05-02,active
CUST00261,Kavya Patel,kavya.patel261@email.com,8842964443,Lucknow,2024-03-22,inactive
CUST00262,Pooja Verma,pooja.verma262@email.com,6662510569,Lucknow,2024-06-01,inactive
CUST00263,Myra Patel,myra.patel263@email.com,7764624310,Hyderabad,2025-12-23,inactive
CUST00264,Pooja Joshi,pooja.joshi264@email.com,9231495430,Ahmedabad,2024-10-19,inactive
CUST00265,Kavya Nair,kavya.nair265@email.com,7329154472,Ahmedabad,2024-07-29,inactive
CUST00266,Diya Malhotra,diya.malhotra266@email.com,7982900391,Pune,2026-04-22,inactive
CUST00267,Neha Chopra,neha.chopra267@email.com,6696034559,Lucknow,2024-04-06,inactive
CUST00268,Ishaan Patel,ishaan.patel268@email.com,8753842979,Kolkata,2024-01-24,inactive
CUST00269,Neha Kumar,neha.kumar269@email.com,7224336336,Bangalore,2025-01-06,inactive
CUST00270,Myra Gupta,myra.gupta270@email.com,9569318475,Hyderabad,2026-01-06,inactive
CUST00271,Diya Sharma,diya.sharma271@email.com,7781968664,Jaipur,2025-08-01,inactive
CUST00272,Krishna Verma,krishna.verma272@email.com,6350492684,Mumbai,2025-04-10,inactive
CUST00273,Vihaan Desai,vihaan.desai273@email.com,9398953973,Mumbai,2025-02-04,inactive
CUST00274,Priya Gupta,priya.gupta274@email.com,9259197927,Ahmedabad,2023-07-08,inactive
CUST00275,Aditya Sharma,aditya.sharma275@email.com,7099184899,Bangalore,2026-06-12,inactive
CUST00276,Sara Kumar,sara.kumar276@email.com,9333636070,Chennai,2024-03-03,inactive
CUST00277,Vivaan Nair,vivaan.nair277@email.com,7803136972,Lucknow,2026-01-19,inactive
CUST00278,Aditya Kumar,aditya.kumar278@email.com,9593546368,Lucknow,2023-07-31,inactive
CUST00279,Neha Nair,neha.nair279@email.com,9086124402,Pune,2023-07-01,inactive
CUST00280,Pooja Rao,pooja.rao280@email.com,7033215551,Bangalore,2023-12-20,inactive
CUST00281,Neha Rao,neha.rao281@email.com,6290680473,Jaipur,2026-05-02,inactive
CUST00282,Neha Sharma,neha.sharma282@email.com,7676986013,Mumbai,2025-08-28,suspended
CUST00283,Diya Mehta,diya.mehta283@email.com,9209700340,Delhi,2025-06-03,active
CUST00284,Krishna Kumar,krishna.kumar284@email.com,9313573165,Kolkata,2024-03-27,active
CUST00285,Vivaan Rao,vivaan.rao285@email.com,8345111169,Bangalore,2026-02-03,active
CUST00286,Priya Reddy,priya.reddy286@email.com,9485356009,Ahmedabad,2023-09-11,active
CUST00287,Shaurya Iyer,shaurya.iyer287@email.com,6188146518,Mumbai,2025-04-04,active
CUST00288,Shaurya Verma,shaurya.verma288@email.com,9502142446,Chennai,2023-09-10,active
CUST00289,Reyansh Joshi,reyansh.joshi289@email.com,7533192415,Mumbai,2025-05-07,suspended
CUST00290,Ishaan Kumar,ishaan.kumar290@email.com,9433149532,Pune,2025-12-14,active
CUST00291,Aadhya Desai,aadhya.desai291@email.com,6802373824,Ahmedabad,2025-07-19,active
CUST00292,Neha Mehta,neha.mehta292@email.com,9440904834,Pune,2023-12-06,active
CUST00293,Sara Reddy,sara.reddy293@email.com,8342794700,Delhi,2023-12-08,active
CUST00294,Ananya Joshi,ananya.joshi294@email.com,7316389690,Pune,2024-06-03,active
CUST00295,Myra Rao,myra.rao295@email.com,7920407276,Kolkata,2025-12-04,active
CUST00296,Ishaan Patel,ishaan.patel296@email.com,6322299355,Pune,2025-07-11,active
CUST00297,Neha Reddy,neha.reddy297@email.com,6133747952,Lucknow,2025-12-11,active
CUST00298,Vivaan Gupta,vivaan.gupta298@email.com,6288765093,Kolkata,2025-07-08,active
CUST00299,Aadhya Patel,aadhya.patel299@email.com,8598862507,Ahmedabad,2025-07-26,active
CUST00300,Diya Malhotra,diya.malhotra300@email.com,9277422858,Bangalore,2026-06-16,active
CUST00301,Diya Verma,bad@domain,7350275186,Hyderabad,2024-02-15,active
CUST00302,Aarav Reddy,aarav.reddy302@email.com,8143377496,Jaipur,2024-02-24,active
CUST00303,Ishaan Mehta,ishaan.mehta303@email.com,9023819391,Lucknow,2025-02-01,active
CUST00304,Priya Iyer,priya.iyer304@email.com,6526723719,Delhi,2026-01-08,active
CUST00305,Sai Malhotra,sai.malhotra305@email.com,6377058351,Kolkata,2025-06-08,active
CUST00306,Aditya Joshi,aditya.joshi306@email.com,9828240439,Bangalore,2024-06-18,active
CUST00307,Diya Nair,diya.nair307@email.com,6521247759,Bangalore,2024-10-24,inactive
CUST00308,Priya Sharma,priya.sharma308@email.com,7550038771,Kolkata,2026-02-09,active
CUST00309,Kavya Gupta,kavya.gupta309@email.com,8628298180,Delhi,2025-03-22,suspended
CUST00310,Aadhya Kapoor,aadhya.kapoor310@email.com,8257845661,Pune,2023-11-26,active
CUST00311,Arjun Desai,arjun.desai311@email.com,8758823240,Ahmedabad,2026-05-22,active
CUST00312,Diya Gupta,diya.gupta312@email.com,9770810142,Jaipur,2024-07-04,active
CUST00313,Arjun Chopra,arjun.chopra313@email.com,8159783506,Mumbai,2024-03-08,suspended
CUST00314,Neha Gupta,neha.gupta314@email.com,7306204982,Kolkata,2024-10-01,active
CUST00315,Diya Joshi,diya.joshi315@email.com,9633257620,Hyderabad,2025-01-10,active
CUST00316,Arjun Joshi,arjun.joshi316@email.com,8638949369,Jaipur,2024-06-07,active
CUST00317,Riya Gupta,riya.gupta317@email.com,6735301069,Lucknow,2025-05-19,active
CUST00318,Riya Patel,riya.patel318@email.com,9544362760,Delhi,2023-09-29,suspended
CUST00319,Riya Mehta,riya.mehta319@email.com,8796581976,Lucknow,2025-10-28,active
CUST00320,Pooja Sharma,pooja.sharma320@email.com,8139057162,Jaipur,2025-02-10,suspended
CUST00321,Shaurya Kapoor,shaurya.kapoor321@email.com,7051742593,Pune,2025-02-26,active
CUST00322,Myra Singh,myra.singh322@email.com,8957572769,Ahmedabad,2025-10-26,active
CUST00323,Priya Malhotra,priya.malhotra323@email.com,6876272170,Bangalore,2025-03-29,active
CUST00324,Ananya Rao,ananya.rao324@email.com,7712474804,Kolkata,2026-05-17,active
CUST00325,Kavya Kumar,kavya.kumar325@email.com,7370592316,Delhi,2024-12-26,active
CUST00326,Myra Nair,myra.nair326@email.com,6605064858,Chennai,2025-08-22,active
CUST00327,Pooja Chopra,pooja.chopra327@email.com,7066312714,Bangalore,2025-04-28,inactive
CUST00328,Riya Desai,riya.desai328@email.com,6815331250,Ahmedabad,2026-05-17,active
CUST00329,Myra Kapoor,myra.kapoor329@email.com,9775601223,Mumbai,2023-12-29,active
CUST00330,Aadhya Malhotra,aadhya.malhotra330@email.com,7033921654,Kolkata,2023-10-05,active
CUST00331,Vivaan Joshi,vivaan.joshi331@email.com,8125554417,Ahmedabad,2025-02-02,active
CUST00332,Kavya Sharma,kavya.sharma332@email.com,9638577630,Bangalore,2024-12-20,active
CUST00333,Diya Verma,diya.verma333@email.com,7571688961,Mumbai,2024-07-30,active
CUST00334,Diya Joshi,diya.joshi334@email.com,6315816454,Ahmedabad,2025-01-20,active
CUST00335,Pooja Kumar,pooja.kumar335@email.com,6552605034,Pune,2025-07-31,inactive
CUST00336,Ananya Rao,ananya.rao336@email.com,9242550727,Lucknow,2026-05-05,active
CUST00337,Aadhya Patel,aadhya.patel337@email.com,6194576436,Kolkata,2026-02-22,active
CUST00338,Neha Malhotra,neha.malhotra338@email.com,6639695273,Jaipur,2024-04-09,active
CUST00339,Ananya Desai,ananya.desai339@email.com,6697940975,Lucknow,2025-03-01,active
CUST00340,Riya Desai,riya.desai340@email.com,8178901271,Jaipur,2026-03-27,active
CUST00341,Riya Joshi,riya.joshi341@email.com,8039648170,Kolkata,2025-05-06,active
CUST00342,Vihaan Chopra,vihaan.chopra342@email.com,8506981604,Mumbai,2026-02-23,active
CUST00343,Ishaan Nair,ishaan.nair343@email.com,9098389895,Ahmedabad,2024-06-11,active
CUST00344,Neha Verma,neha.verma344@email.com,6634691836,Hyderabad,2023-08-31,active
CUST00345,Riya Kumar,riya.kumar345@email.com,6819412471,Kolkata,2025-11-01,active
CUST00346,Arjun Chopra,arjun.chopra346@email.com,8965676060,Jaipur,2026-02-17,active
CUST00347,Vivaan Gupta,vivaan.gupta347@email.com,8227727430,Kolkata,2026-03-03,active
CUST00348,Neha Verma,neha.verma348@email.com,7347557120,Ahmedabad,2026-06-23,inactive
CUST00349,Ananya Rao,ananya.rao349@email.com,8902833426,Chennai,2026-03-15,active
CUST00350,Reyansh Nair,reyansh.nair350@email.com,7198323340,Hyderabad,2025-02-26,active
CUST00351,Shaurya Iyer,shaurya.iyer351@email.com,8964557845,Kolkata,2026-03-06,active
CUST00352,Diya Mehta,diya.mehta352@email.com,7236045959,Jaipur,2025-08-13,active
CUST00353,Aadhya Rao,aadhya.rao353@email.com,9320285987,Chennai,2023-09-22,active
CUST00354,Shaurya Singh,shaurya.singh354@email.com,7487619960,Chennai,2026-03-05,suspended
CUST00355,Reyansh Iyer,reyansh.iyer355@email.com,9556025499,Jaipur,2025-01-04,active
CUST00356,Arjun Kumar,arjun.kumar356@email.com,8644312718,Hyderabad,2024-11-05,active
CUST00357,Vivaan Nair,vivaan.nair357@email.com,8739951076,Delhi,2025-10-21,active
CUST00358,Ananya Kapoor,ananya.kapoor358@email.com,6431837075,Bangalore,2023-07-08,active
CUST00359,Kavya Reddy,kavya.reddy359@email.com,7747654202,Ahmedabad,2026-03-01,active
CUST00360,Reyansh Joshi,reyansh.joshi360@email.com,7379404786,Mumbai,2023-12-28,active
CUST00361,Riya Nair,riya.nair361@email.com,8298461504,Mumbai,2024-06-20,active
CUST00362,Sara Reddy,sara.reddy362@email.com,9949801453,Pune,2026-04-07,active
CUST00363,Sai Joshi,sai.joshi363@email.com,9765583254,Chennai,2024-02-02,active
CUST00364,Ananya Joshi,ananya.joshi364@email.com,7951414407,Jaipur,2026-06-05,inactive
CUST00365,Priya Gupta,priya.gupta365@email.com,9655273742,Chennai,2024-07-26,active
CUST00366,Vihaan Desai,vihaan.desai366@email.com,6697907532,Chennai,2024-07-13,active
CUST00367,Aarav Desai,aarav.desai367@email.com,9396321272,Hyderabad,2024-06-21,active
CUST00368,Pooja Verma,pooja.verma368@email.com,9551894263,Kolkata,2023-12-22,active
CUST00369,Aadhya Kumar,aadhya.kumar369@email.com,6793629209,Ahmedabad,2025-04-20,inactive
CUST00370,Krishna Sharma,krishna.sharma370@email.com,7120064235,Ahmedabad,2024-12-25,active
CUST00371,Ananya Joshi,ananya.joshi371@email.com,8501649877,Mumbai,2024-12-14,active
CUST00372,Diya Nair,diya.nair372@email.com,6266821961,Ahmedabad,2025-03-17,active
CUST00373,Sai Verma,sai.verma373@email.com,8946663769,Chennai,2024-02-23,active
CUST00374,Shaurya Rao,shaurya.rao374@email.com,8639796200,Bangalore,2026-03-03,active
CUST00375,Arjun Malhotra,arjun.malhotra375@email.com,9211496671,Kolkata,2025-10-26,inactive
CUST00376,Kavya Kapoor,kavya.kapoor376@email.com,9252795722,Hyderabad,2024-11-15,active
CUST00377,Pooja Singh,pooja.singh377@email.com,8257033897,Kolkata,2023-12-04,active
CUST00378,Riya Kumar,riya.kumar378@email.com,6265248799,Jaipur,2024-08-15,active
CUST00379,Riya Gupta,riya.gupta379@email.com,6706681697,Jaipur,2025-12-18,active
CUST00380,Vihaan Iyer,vihaan.iyer380@email.com,9079139213,Delhi,2026-05-08,active
CUST00381,Myra Patel,myra.patel381@email.com,7947476917,Pune,2026-01-18,active
CUST00382,Riya Patel,riya.patel382@email.com,8400015680,Chennai,2023-08-11,active
CUST00383,Aadhya Mehta,aadhya.mehta383@email.com,9506639908,Hyderabad,2023-11-24,active
CUST00384,Vivaan Chopra,vivaan.chopra384@email.com,7479740208,Jaipur,2023-10-29,active
CUST00385,Aditya Kapoor,aditya.kapoor385@email.com,6136300252,Bangalore,2024-03-31,active
CUST00386,Sara Rao,sara.rao386@email.com,9828248698,Pune,2025-08-05,active
CUST00387,Aditya Gupta,aditya.gupta387@email.com,8806907561,Delhi,2024-06-27,suspended
CUST00388,Kavya Verma,kavya.verma388@email.com,8271361431,Hyderabad,2023-07-05,active
CUST00389,Aarav Joshi,aarav.joshi389@email.com,7988586594,Jaipur,2025-11-12,active
CUST00390,Kavya Verma,kavya.verma390@email.com,9536306171,Ahmedabad,2025-06-05,active
CUST00391,Arjun Mehta,arjun.mehta391@email.com,6809517372,Delhi,2023-09-01,suspended
CUST00392,Sara Sharma,sara.sharma392@email.com,7033653860,Delhi,2023-09-04,active
CUST00393,Myra Patel,myra.patel393@email.com,7051125170,Pune,2025-12-12,active
CUST00394,Krishna Iyer,krishna.iyer394@email.com,9240061941,Mumbai,2024-04-09,suspended
CUST00395,Neha Joshi,neha.joshi395@email.com,7005716063,Lucknow,2025-04-11,active
CUST00396,Riya Desai,riya.desai396@email.com,7017495081,Bangalore,2026-05-30,active
CUST00397,Krishna Chopra,krishna.chopra397@email.com,7290641764,Jaipur,2024-06-20,active
CUST00398,Sara Kapoor,sara.kapoor398@email.com,6201365642,Pune,2026-06-06,inactive
CUST00399,Ananya Chopra,ananya.chopra399@email.com,7753459822,Pune,2024-07-08,active
CUST00400,Kavya Kapoor,kavya.kapoor400@email.com,7034950478,Chennai,2024-04-18,active
CUST00401,Myra Patel,myra.patel401@email.com,8415429277,Pune,2026-06-17,active
CUST00402,Arjun Verma,arjun.verma402@email.com,7043069385,Kolkata,2023-12-06,active
CUST00403,Myra Rao,myra.rao403@email.com,6397129827,Hyderabad,2023-10-11,active
CUST00404,Ishaan Verma,ishaan.verma404@email.com,8893398852,Mumbai,2023-11-24,active
CUST00405,Reyansh Iyer,reyansh.iyer405@email.com,8058982440,Kolkata,2025-03-09,active
CUST00406,Aarav Iyer,aarav.iyer406@email.com,6816145550,Delhi,2026-03-04,inactive
CUST00407,Krishna Iyer,krishna.iyer407@email.com,7703521697,Jaipur,2025-04-16,suspended
CUST00408,Shaurya Verma,shaurya.verma408@email.com,8002530485,Kolkata,2025-03-20,active
CUST00409,Ishaan Rao,ishaan.rao409@email.com,8202530266,Ahmedabad,2024-01-15,suspended
CUST00410,Priya Desai,priya.desai410@email.com,9927019611,Kolkata,2025-10-22,active
CUST00411,Vivaan Nair,vivaan.nair411@email.com,9183654731,Chennai,2025-10-30,active
CUST00412,Shaurya Gupta,shaurya.gupta412@email.com,6842637307,Pune,2024-11-12,active
CUST00413,Priya Desai,priya.desai413@email.com,7105209993,Ahmedabad,2026-03-28,active
CUST00414,Myra Reddy,myra.reddy414@email.com,9147232770,Bangalore,2024-04-09,active
CUST00415,Kavya Kapoor,kavya.kapoor415@email.com,6790479137,Jaipur,2023-10-26,suspended
CUST00416,Neha Patel,neha.patel416@email.com,9603771733,Mumbai,2023-07-11,active
CUST00417,Sara Gupta,sara.gupta417@email.com,9618701993,Delhi,2024-05-02,active
CUST00418,Aarav Iyer,aarav.iyer418@email.com,8172106337,Mumbai,2026-03-13,active
CUST00419,Priya Sharma,priya.sharma419@email.com,6028399849,Pune,2023-07-22,active
CUST00420,Aarav Mehta,aarav.mehta420@email.com,8300977631,Mumbai,2026-04-21,inactive
CUST00421,Sara Reddy,sara.reddy421@email.com,6459632043,Jaipur,2024-04-27,suspended
CUST00422,Krishna Iyer,krishna.iyer422@email.com,8661938440,Kolkata,2024-12-26,active
CUST00423,Aadhya Singh,aadhya.singh423@email.com,7602244331,Ahmedabad,2024-11-07,inactive
CUST00424,Krishna Joshi,krishna.joshi424@email.com,8937936410,Delhi,2023-08-31,active
CUST00425,Aditya Verma,aditya.verma425@email.com,7628926576,Ahmedabad,2023-10-20,active
CUST00426,Aarav Reddy,aarav.reddy426@email.com,6355134188,Pune,2025-05-06,active
CUST00427,Riya Kumar,riya.kumar427@email.com,9843098977,Mumbai,2024-10-10,active
CUST00428,Reyansh Kapoor,reyansh.kapoor428@email.com,7164344392,Delhi,2025-01-22,active
CUST00429,Kavya Patel,kavya.patel429@email.com,6770321709,Kolkata,2023-07-30,suspended
CUST00430,Reyansh Gupta,reyansh.gupta430@email.com,9230908336,Pune,2023-12-02,active
CUST00431,Shaurya Reddy,shaurya.reddy431@email.com,8422182038,Pune,2025-05-07,active
CUST00432,Aadhya Gupta,aadhya.gupta432@email.com,9395163419,Delhi,2026-04-18,inactive
CUST00433,Diya Patel,diya.patel433@email.com,6419557255,Delhi,2025-05-25,active
CUST00434,Pooja Verma,pooja.verma434@email.com,9322393065,Chennai,2026-01-05,active
CUST00435,Priya Nair,priya.nair435@email.com,7528197464,Pune,2025-11-28,active
CUST00436,Sai Verma,sai.verma436@email.com,6368053428,Chennai,2024-11-13,active
CUST00437,Aditya Singh,aditya.singh437@email.com,7150931110,Bangalore,2025-09-02,active
CUST00438,Ananya Rao,ananya.rao438@email.com,6457632732,Chennai,2025-12-24,active
CUST00439,Diya Mehta,diya.mehta439@email.com,6439080604,Bangalore,2025-11-26,active
CUST00440,Myra Chopra,myra.chopra440@email.com,6443639751,Kolkata,2024-01-04,active
CUST00441,Pooja Desai,pooja.desai441@email.com,9709641319,Chennai,2025-10-22,active
CUST00442,Aadhya Singh,aadhya.singh442@email.com,9113180606,Hyderabad,2026-05-30,suspended
CUST00443,Sai Verma,sai.verma443@email.com,6728004476,Chennai,2024-12-28,active
CUST00444,Priya Gupta,priya.gupta444@email.com,6271730355,Chennai,2025-11-06,active
CUST00445,Shaurya Kapoor,shaurya.kapoor445@email.com,9361527572,Chennai,2024-11-14,active
CUST00446,Priya Iyer,priya.iyer446@email.com,7966500767,Chennai,2023-07-11,active
CUST00447,Aadhya Desai,aadhya.desai447@email.com,9614701965,Kolkata,2025-12-15,active
CUST00448,Ananya Chopra,ananya.chopra448@email.com,9502440472,Lucknow,2024-04-01,active
CUST00449,Shaurya Desai,shaurya.desai449@email.com,8590772665,Hyderabad,2026-03-05,suspended
CUST00450,Ananya Reddy,ananya.reddy450@email.com,7710425977,Chennai,2026-03-29,inactive
CUST00451,Riya Nair,riya.nair451@email.com,7399670743,Pune,2025-07-14,active
CUST00452,Vihaan Iyer,vihaan.iyer452@email.com,8543595727,Bangalore,2023-08-22,inactive
CUST00453,Myra Iyer,myra.iyer453@email.com,7883149695,Delhi,2025-10-12,active
CUST00454,Priya Gupta,priya.gupta454@email.com,8720157590,Chennai,2024-05-08,active
CUST00455,Sara Verma,sara.verma455@email.com,6317677825,Lucknow,2026-03-05,active
CUST00456,Riya Verma,riya.verma456@email.com,8295090505,Pune,2023-09-11,active
CUST00457,Diya Singh,diya.singh457@email.com,6469738105,Kolkata,2024-06-02,active
CUST00458,Pooja Patel,pooja.patel458@email.com,8419012709,Pune,2025-05-07,inactive
CUST00459,Sara Kumar,sara.kumar459@email.com,6045302356,Hyderabad,2026-05-08,active
CUST00460,Neha Nair,neha.nair460@email.com,7914604319,Ahmedabad,2026-04-17,active
CUST00461,Arjun Rao,arjun.rao461@email.com,6105495798,Chennai,2025-10-26,active
CUST00462,Aditya Kumar,aditya.kumar462@email.com,9570482517,Bangalore,2025-06-10,suspended
CUST00463,Shaurya Desai,shaurya.desai463@email.com,7955638763,Jaipur,2026-03-13,active
CUST00464,Diya Kapoor,diya.kapoor464@email.com,6419287737,Ahmedabad,2025-04-11,active
CUST00465,Aditya Joshi,aditya.joshi465@email.com,6191912243,Delhi,2023-08-13,active
CUST00466,Ananya Kumar,ananya.kumar466@email.com,8908291293,Hyderabad,2026-05-19,active
CUST00467,Sai Reddy,sai.reddy467@email.com,7421589752,Ahmedabad,2024-10-14,active
CUST00468,Aadhya Reddy,aadhya.reddy468@email.com,6800525739,Pune,2025-09-15,active
CUST00469,Aarav Iyer,aarav.iyer469@email.com,7930909978,Pune,2023-07-07,active
CUST00470,Reyansh Iyer,reyansh.iyer470@email.com,7195481928,Delhi,2024-01-22,active
CUST00471,Kavya Reddy,kavya.reddy471@email.com,7571069113,Ahmedabad,2024-02-16,active
CUST00472,Ishaan Kapoor,ishaan.kapoor472@email.com,8266518721,Kolkata,2025-08-31,inactive
CUST00473,Pooja Verma,pooja.verma473@email.com,8521166052,Kolkata,2026-01-20,active
CUST00474,Pooja Reddy,pooja.reddy474@email.com,9494979199,Chennai,2023-12-18,active
CUST00475,Arjun Desai,arjun.desai475@email.com,6506211965,Delhi,2024-07-06,active
CUST00476,Diya Gupta,diya.gupta476@email.com,8193976097,Lucknow,2024-04-05,active
CUST00477,Riya Verma,riya.verma477@email.com,7816937739,Jaipur,2024-06-16,active
CUST00478,Kavya Reddy,kavya.reddy478@email.com,8102996505,Bangalore,2025-04-02,active
CUST00479,Myra Patel,myra.patel479@email.com,9717389692,Mumbai,2026-03-16,active
CUST00480,Arjun Iyer,arjun.iyer480@email.com,9501325792,Jaipur,2026-04-28,active
CUST00481,Priya Chopra,priya.chopra481@email.com,8940749808,Ahmedabad,2026-03-24,active
CUST00482,Sai Singh,sai.singh482@email.com,8428365056,Hyderabad,2025-02-15,active
CUST00483,Vivaan Mehta,vivaan.mehta483@email.com,6965695131,Bangalore,2026-01-19,active
CUST00484,Riya Kapoor,riya.kapoor484@email.com,8361055973,Lucknow,2024-02-16,active
CUST00485,Ishaan Rao,ishaan.rao485@email.com,8328058564,Mumbai,2025-12-17,active
CUST00486,Kavya Iyer,kavya.iyer486@email.com,7826025489,Hyderabad,2025-02-26,active
CUST00487,Vivaan Malhotra,vivaan.malhotra487@email.com,7128782794,Delhi,2025-12-13,active
CUST00488,Vihaan Nair,vihaan.nair488@email.com,6901419863,Lucknow,2025-06-15,active
CUST00489,Pooja Chopra,pooja.chopra489@email.com,6712885628,Hyderabad,2024-08-24,active
CUST00490,Vivaan Rao,vivaan.rao490@email.com,8286128610,Jaipur,2024-06-06,active
CUST00491,Ananya Joshi,ananya.joshi491@email.com,7242676804,Jaipur,2024-01-09,active
CUST00492,Arjun Chopra,arjun.chopra492@email.com,9946081594,Chennai,2024-03-13,active
CUST00493,Arjun Nair,arjun.nair493@email.com,6628110811,Hyderabad,2025-09-09,active
CUST00494,Priya Gupta,priya.gupta494@email.com,8480023764,Pune,2025-08-04,active
CUST00495,Myra Singh,myra.singh495@email.com,8721410516,Delhi,2025-09-30,active
CUST00496,Neha Mehta,neha.mehta496@email.com,8983729287,Kolkata,2026-01-14,suspended
CUST00497,Priya Desai,priya.desai497@email.com,8499480048,Delhi,2026-01-21,active
CUST00498,Diya Singh,diya.singh498@email.com,9417410681,Hyderabad,2025-11-23,active
CUST00499,Reyansh Kapoor,reyansh.kapoor499@email.com,7153356934,Chennai,2025-05-19,active
CUST00500,Kavya Gupta,kavya.gupta500@email.com,8431561831,Kolkata,2023-10-05,suspended
CUST00501,Vivaan Kumar,vivaan.kumar501@email.com,8689420564,Ahmedabad,2023-07-31,active
CUST00502,Vihaan Reddy,vihaan.reddy502@email.com,7895308730,Pune,2024-08-15,active
CUST00503,Arjun Joshi,arjun.joshi503@email.com,6682802977,Chennai,2024-01-05,suspended
CUST00504,Diya Mehta,diya.mehta504@email.com,6353993484,Bangalore,2023-10-12,active
CUST00505,Aadhya Joshi,aadhya.joshi505@email.com,9118096268,Hyderabad,2025-11-23,active
CUST00506,Aditya Kumar,aditya.kumar506@email.com,6004665657,Delhi,2024-03-25,active
CUST00507,Riya Nair,riya.nair507@email.com,8230996082,Mumbai,2023-07-14,active
CUST00508,Ananya Kumar,ananya.kumar508@email.com,9695133408,Bangalore,2026-03-02,active
CUST00509,Aditya Nair,aditya.nair509@email.com,7645272822,Delhi,2024-01-25,active
CUST00510,Ananya Rao,ananya.rao510@email.com,9783818927,Pune,2024-03-26,active
CUST00511,Arjun Singh,arjun.singh511@email.com,8278515709,Lucknow,2024-05-29,active
CUST00512,Myra Rao,myra.rao512@email.com,9102821948,Bangalore,2025-10-18,active
CUST00513,Pooja Malhotra,pooja.malhotra513@email.com,9693510920,Delhi,2024-04-09,active
CUST00514,Vihaan Verma,vihaan.verma514@email.com,7509834067,Kolkata,2024-04-09,inactive
CUST00515,Krishna Mehta,krishna.mehta515@email.com,8768624284,Jaipur,2025-01-31,active
CUST00516,Aarav Joshi,aarav.joshi516@email.com,6882382645,Jaipur,2024-07-18,active
CUST00517,Aadhya Joshi,aadhya.joshi517@email.com,8775278048,Hyderabad,2026-04-06,active
CUST00518,Aadhya Kumar,aadhya.kumar518@email.com,7035438246,Lucknow,2023-11-20,active
CUST00519,Neha Sharma,neha.sharma519@email.com,7550904983,Bangalore,2025-08-28,suspended
CUST00520,Riya Chopra,riya.chopra520@email.com,7569434583,Bangalore,2026-02-16,active
CUST00521,Aditya Sharma,aditya.sharma521@email.com,8522707023,Chennai,2024-09-11,active
CUST00522,Vivaan Patel,vivaan.patel522@email.com,9389974724,Chennai,2026-04-19,active
CUST00523,Sara Chopra,sara.chopra523@email.com,9014253738,Jaipur,2024-05-05,active
CUST00524,Ishaan Singh,ishaan.singh524@email.com,7331039957,Hyderabad,2024-05-11,active
CUST00525,Kavya Desai,kavya.desai525@email.com,7678179022,Delhi,2025-03-24,active
CUST00526,Sara Nair,sara.nair526@email.com,6248704157,Pune,2024-02-20,active
CUST00527,Myra Patel,myra.patel527@email.com,7328390707,Bangalore,2024-02-27,active
CUST00528,Aarav Gupta,aarav.gupta528@email.com,9012917912,Ahmedabad,2025-06-07,active
CUST00529,Neha Mehta,neha.mehta529@email.com,6717100421,Chennai,2024-02-24,active
CUST00530,Aarav Desai,aarav.desai530@email.com,9466501821,Jaipur,2023-11-05,active
CUST00531,Ishaan Singh,ishaan.singh531@email.com,8130937594,Kolkata,2023-10-19,active
CUST00532,Priya Reddy,priya.reddy532@email.com,7579206999,Delhi,2024-02-19,active
CUST00533,Krishna Sharma,krishna.sharma533@email.com,6189141363,Mumbai,2024-11-09,suspended
CUST00534,Vivaan Kapoor,vivaan.kapoor534@email.com,7563267151,Bangalore,2024-06-28,active
CUST00535,Vivaan Chopra,vivaan.chopra535@email.com,6964285941,Pune,2025-04-13,active
CUST00536,Ishaan Singh,ishaan.singh536@email.com,8454728281,Jaipur,2023-10-13,active
CUST00537,Sai Nair,sai.nair537@email.com,9454605491,Mumbai,2025-09-26,active
CUST00538,Aditya Malhotra,aditya.malhotra538@email.com,9719580124,Chennai,2025-04-28,active
CUST00539,Aditya Malhotra,aditya.malhotra539@email.com,6034227351,Chennai,2025-03-11,active
CUST00540,Pooja Nair,pooja.nair540@email.com,7992549954,Ahmedabad,2024-08-01,active
CUST00541,Kavya Nair,kavya.nair541@email.com,6646677686,Pune,2023-08-15,active
CUST00542,Krishna Rao,krishna.rao542@email.com,8731349392,Mumbai,2025-05-14,active
CUST00543,Aarav Verma,aarav.verma543@email.com,9646452930,Chennai,2024-01-26,active
CUST00544,Reyansh Nair,reyansh.nair544@email.com,7803095297,Mumbai,2024-04-14,active
CUST00545,Ishaan Singh,ishaan.singh545@email.com,6188550198,Jaipur,2025-10-20,suspended
CUST00546,Diya Malhotra,diya.malhotra546@email.com,9212203479,Delhi,2026-04-28,active
CUST00547,Arjun Verma,arjun.verma547@email.com,6321394470,Mumbai,2025-12-04,active
CUST00548,Arjun Nair,arjun.nair548@email.com,7252738994,Kolkata,2025-09-09,active
CUST00549,Ananya Desai,ananya.desai549@email.com,7944580162,Delhi,2024-08-16,active
CUST00550,Arjun Kumar,arjun.kumar550@email.com,6667483244,Ahmedabad,2026-02-06,active
CUST00551,Ananya Chopra,ananya.chopra551@email.com,6518560332,Hyderabad,2026-01-08,active
CUST00552,Shaurya Malhotra,shaurya.malhotra552@email.com,7138200363,Delhi,2024-05-15,suspended
CUST00553,Shaurya Patel,shaurya.patel553@email.com,6923507241,Kolkata,2024-04-26,active
CUST00554,Aditya Nair,aditya.nair554@email.com,7527903519,Mumbai,2025-03-01,active
CUST00555,Ishaan Reddy,ishaan.reddy555@email.com,6133496549,Ahmedabad,2024-11-20,inactive
CUST00556,Vihaan Malhotra,vihaan.malhotra556@email.com,6437688716,Bangalore,2024-03-02,active
CUST00557,Aarav Patel,aarav.patel557@email.com,9566422012,Hyderabad,2024-03-21,active
CUST00558,Reyansh Verma,reyansh.verma558@email.com,7598757527,Delhi,2024-12-09,active
CUST00559,Aditya Sharma,aditya.sharma559@email.com,6276905285,Ahmedabad,2024-03-17,active
CUST00560,Aditya Desai,aditya.desai560@email.com,6526252306,Ahmedabad,2023-10-09,active
CUST00561,Sai Chopra,sai.chopra561@email.com,9529111904,Ahmedabad,2023-08-27,active
CUST00562,Aadhya Chopra,aadhya.chopra562@email.com,6742201314,Bangalore,2025-01-11,active
CUST00563,Ishaan Malhotra,ishaan.malhotra563@email.com,9794276323,Lucknow,2024-11-12,active
CUST00564,Shaurya Kapoor,shaurya.kapoor564@email.com,7769493025,Ahmedabad,2023-10-30,suspended
CUST00565,Aditya Mehta,aditya.mehta565@email.com,7645038111,Hyderabad,2026-06-08,active
CUST00566,Krishna Sharma,krishna.sharma566@email.com,7642816742,Kolkata,2026-03-06,active
CUST00567,Kavya Kapoor,kavya.kapoor567@email.com,7477615282,Jaipur,2025-04-16,suspended
CUST00568,Aadhya Mehta,aadhya.mehta568@email.com,6772303297,Lucknow,2024-09-18,active
CUST00569,Aarav Mehta,aarav.mehta569@email.com,6251647421,Ahmedabad,2026-06-16,active
CUST00570,Diya Nair,diya.nair570@email.com,6685583357,Hyderabad,2024-12-24,active
CUST00571,Kavya Patel,kavya.patel571@email.com,9281568562,Hyderabad,2025-08-31,inactive
CUST00572,Diya Reddy,diya.reddy572@email.com,6756345332,Kolkata,2025-07-01,active
CUST00573,Riya Sharma,riya.sharma573@email.com,9021307114,Lucknow,2024-04-14,active
CUST00574,Riya Iyer,riya.iyer574@email.com,9593585539,Ahmedabad,2025-03-21,inactive
CUST00575,Sai Kapoor,sai.kapoor575@email.com,6163053047,Hyderabad,2024-09-18,active
CUST00576,Aarav Kapoor,aarav.kapoor576@email.com,6002935589,Lucknow,2024-08-13,active
CUST00577,Arjun Desai,arjun.desai577@email.com,9079223686,Kolkata,2023-10-27,active
CUST00578,Aarav Gupta,aarav.gupta578@email.com,8519467229,Bangalore,2024-02-10,active
CUST00579,Neha Rao,neha.rao579@email.com,6311520864,Pune,2024-01-20,active
CUST00580,Ananya Joshi,ananya.joshi580@email.com,7385570227,Bangalore,2025-12-08,active
CUST00581,Priya Desai,priya.desai581@email.com,6748194762,Jaipur,2025-06-27,active
CUST00582,Krishna Reddy,krishna.reddy582@email.com,7625147377,Chennai,2024-03-14,active
CUST00583,Sai Sharma,sai.sharma583@email.com,9015103300,Pune,2023-09-02,suspended
CUST00584,Sai Desai,sai.desai584@email.com,9955829012,Lucknow,2024-09-22,active
CUST00585,Riya Kumar,riya.kumar585@email.com,8131098613,Delhi,2024-10-27,active
CUST00586,Diya Desai,diya.desai586@email.com,6721070971,Delhi,2025-05-15,active
CUST00587,Myra Sharma,myra.sharma587@email.com,7139078760,Delhi,2025-06-14,active
CUST00588,Ishaan Kumar,ishaan.kumar588@email.com,9094152811,Pune,2025-12-11,active
CUST00589,Sara Reddy,sara.reddy589@email.com,9799121913,Pune,2025-06-16,active
CUST00590,Kavya Verma,kavya.verma590@email.com,6435632331,Lucknow,2024-10-01,active
CUST00591,Sai Malhotra,sai.malhotra591@email.com,6316579418,Mumbai,2025-02-20,active
CUST00592,Aarav Desai,aarav.desai592@email.com,7121534958,Delhi,2025-05-28,inactive
CUST00593,Sai Verma,sai.verma593@email.com,6691079537,Jaipur,2024-01-04,active
CUST00594,Ananya Kapoor,ananya.kapoor594@email.com,9025824435,Bangalore,2025-12-03,active
CUST00595,Sai Patel,sai.patel595@email.com,6434898985,Hyderabad,2025-10-13,active
CUST00596,Kavya Mehta,kavya.mehta596@email.com,8837246354,Hyderabad,2024-01-10,active
CUST00597,Vivaan Verma,vivaan.verma597@email.com,8455732633,Ahmedabad,2024-05-07,active
CUST00598,Vivaan Rao,vivaan.rao598@email.com,6016387764,Chennai,2026-03-07,active
CUST00599,Reyansh Kumar,reyansh.kumar599@email.com,6110533960,Chennai,2023-12-12,active
CUST00600,Priya Kumar,priya.kumar600@email.com,7324367744,Ahmedabad,2026-03-25,active
CUST00601,Ishaan Singh,ishaan.singh601@email.com,8756795104,Bangalore,2025-07-26,active
CUST00602,Aadhya Rao,aadhya.rao602@email.com,6801367625,Chennai,2025-12-14,active
CUST00603,Myra Mehta,myra.mehta603@email.com,6971703178,Lucknow,2023-11-01,active
CUST00604,Arjun Kumar,arjun.kumar604@email.com,6368110105,Jaipur,2025-10-22,active
CUST00605,Riya Nair,riya.nair605@email.com,8377702111,Pune,2026-06-02,active
CUST00606,Sara Kapoor,sara.kapoor606@email.com,8459789133,Ahmedabad,2025-03-01,suspended
CUST00607,Aditya Verma,aditya.verma607@email.com,9877398554,Mumbai,2026-04-21,suspended
CUST00608,Riya Gupta,riya.gupta608@email.com,6516606697,Ahmedabad,2024-06-16,suspended
CUST00609,Sai Iyer,sai.iyer609@email.com,9472312361,Mumbai,2025-11-11,active
CUST00610,Aditya Chopra,aditya.chopra610@email.com,6867236691,Bangalore,2024-12-07,inactive
CUST00611,Ananya Singh,ananya.singh611@email.com,6373780031,Pune,2025-04-25,active
CUST00612,Ishaan Malhotra,ishaan.malhotra612@email.com,9939180397,Lucknow,2026-06-02,suspended
CUST00613,Sara Kumar,sara.kumar613@email.com,7780016559,Lucknow,2024-01-19,active
CUST00614,Vihaan Kumar,vihaan.kumar614@email.com,9374751777,Jaipur,2025-06-01,active
CUST00615,Sara Mehta,sara.mehta615@email.com,7645159179,Lucknow,2026-02-20,active
CUST00616,Vivaan Reddy,vivaan.reddy616@email.com,7182894728,Lucknow,2025-09-27,active
CUST00617,Vivaan Verma,vivaan.verma617@email.com,9820692142,Hyderabad,2023-10-06,suspended
CUST00618,Priya Mehta,priya.mehta618@email.com,9852720361,Kolkata,2025-03-09,active
CUST00619,Shaurya Mehta,shaurya.mehta619@email.com,9619998445,Delhi,2024-10-06,active
CUST00620,Arjun Joshi,arjun.joshi620@email.com,9194268714,Kolkata,2024-12-30,active
CUST00621,Sara Singh,sara.singh621@email.com,6807177651,Pune,2026-03-16,active
CUST00622,Neha Rao,neha.rao622@email.com,9526242854,Bangalore,2023-11-09,active
CUST00623,Shaurya Verma,shaurya.verma623@email.com,6582611532,Jaipur,2023-08-26,active
CUST00624,Sai Iyer,sai.iyer624@email.com,9758871860,Mumbai,2024-11-19,active
CUST00625,Vivaan Malhotra,vivaan.malhotra625@email.com,6217150457,Hyderabad,2025-01-09,suspended
CUST00626,Diya Malhotra,diya.malhotra626@email.com,8169501271,Delhi,2023-08-29,active
CUST00627,Krishna Rao,krishna.rao627@email.com,8099323053,Bangalore,2026-02-23,active
CUST00628,Riya Rao,riya.rao628@email.com,7478538226,Chennai,2023-12-30,active
CUST00629,Shaurya Sharma,shaurya.sharma629@email.com,7660286914,Lucknow,2024-09-08,active
CUST00630,Krishna Nair,krishna.nair630@email.com,8910678913,Pune,2026-05-14,active
CUST00631,Aarav Sharma,aarav.sharma631@email.com,8036231979,Bangalore,2023-07-15,suspended
CUST00632,Krishna Mehta,krishna.mehta632@email.com,8612817084,Chennai,2025-01-11,active
CUST00633,Sara Verma,sara.verma633@email.com,9657534761,Chennai,2024-09-16,active
CUST00634,Myra Joshi,myra.joshi634@email.com,8908535332,Lucknow,2025-09-18,active
CUST00635,Riya Kumar,riya.kumar635@email.com,6031557592,Kolkata,2025-01-26,active
CUST00636,Shaurya Kumar,shaurya.kumar636@email.com,8069050782,Chennai,2025-04-23,active
CUST00637,Ishaan Mehta,ishaan.mehta637@email.com,8818012241,Chennai,2024-07-17,active
CUST00638,Arjun Nair,arjun.nair638@email.com,9864126433,Lucknow,2025-10-02,active
CUST00639,Ananya Gupta,ananya.gupta639@email.com,9097887746,Ahmedabad,2025-02-22,active
CUST00640,Ishaan Chopra,ishaan.chopra640@email.com,7737739017,Mumbai,2024-07-20,active
CUST00641,Ananya Nair,ananya.nair641@email.com,8947713853,Ahmedabad,2025-07-01,active
CUST00642,Neha Joshi,neha.joshi642@email.com,9631048029,Jaipur,2024-07-02,active
CUST00643,Shaurya Kumar,shaurya.kumar643@email.com,8021988477,Chennai,2024-07-06,active
CUST00644,Ananya Singh,ananya.singh644@email.com,6954571559,Chennai,2025-11-05,active
CUST00645,Ananya Rao,ananya.rao645@email.com,7119093377,Ahmedabad,2024-02-24,active
CUST00646,Priya Patel,priya.patel646@email.com,9721131196,Lucknow,2023-11-20,active
CUST00647,Priya Iyer,priya.iyer647@email.com,8149533961,Pune,2026-06-17,active
CUST00648,Shaurya Chopra,shaurya.chopra648@email.com,6232194392,Bangalore,2024-04-04,suspended
CUST00649,Reyansh Desai,reyansh.desai649@email.com,7757465583,Ahmedabad,2024-04-16,inactive
CUST00650,Ananya Reddy,ananya.reddy650@email.com,9345526911,Kolkata,2024-06-24,active
CUST00651,Ananya Patel,ananya.patel651@email.com,6020244331,Hyderabad,2024-06-07,active
CUST00652,Riya Reddy,riya.reddy652@email.com,8102717570,Delhi,2024-03-19,active
CUST00653,Pooja Chopra,pooja.chopra653@email.com,8720808271,Pune,2026-03-01,active
CUST00654,Aadhya Sharma,aadhya.sharma654@email.com,6162028997,Kolkata,2023-07-26,active
CUST00655,Ananya Iyer,ananya.iyer655@email.com,6076949178,Hyderabad,2024-10-03,active
CUST00656,Diya Joshi,diya.joshi656@email.com,6553753599,Jaipur,2025-03-15,active
CUST00657,Sai Singh,sai.singh657@email.com,9538382315,Chennai,2026-01-16,active
CUST00658,Neha Desai,neha.desai658@email.com,7862577974,Bangalore,2025-05-29,suspended
CUST00659,Priya Rao,priya.rao659@email.com,9221721910,Pune,2023-08-06,active
CUST00660,Krishna Nair,krishna.nair660@email.com,9123166308,Hyderabad,2023-08-11,inactive
CUST00661,Riya Reddy,riya.reddy661@email.com,6528976690,Mumbai,2025-08-04,active
CUST00662,Ishaan Patel,ishaan.patel662@email.com,8550884435,Delhi,2023-08-07,inactive
CUST00663,Vivaan Kumar,vivaan.kumar663@email.com,7790037430,Delhi,2024-11-26,active
CUST00664,Priya Gupta,priya.gupta664@email.com,6882593929,Mumbai,2025-03-05,active
CUST00665,Sara Kumar,sara.kumar665@email.com,8845342687,Lucknow,2024-04-03,active
CUST00666,Sara Kumar,sara.kumar666@email.com,8197239905,Delhi,2025-01-26,active
CUST00667,Vihaan Kumar,vihaan.kumar667@email.com,8137772998,Hyderabad,2024-12-17,active
CUST00668,Neha Iyer,neha.iyer668@email.com,7537262560,Chennai,2024-05-21,active
CUST00669,Vivaan Kapoor,vivaan.kapoor669@email.com,9909951947,Ahmedabad,2025-05-05,active
CUST00670,Krishna Sharma,krishna.sharma670@email.com,6054758244,Delhi,2026-04-04,active
CUST00671,Arjun Singh,arjun.singh671@email.com,9348039631,Delhi,2024-12-03,active
CUST00672,Krishna Malhotra,krishna.malhotra672@email.com,7271405590,Mumbai,2024-01-18,active
CUST00673,Sai Patel,sai.patel673@email.com,9660380242,Kolkata,2025-11-16,active
CUST00674,Vihaan Kumar,vihaan.kumar674@email.com,9656073292,Mumbai,2023-07-17,active
CUST00675,Arjun Reddy,arjun.reddy675@email.com,7411587518,Ahmedabad,2024-12-28,active
CUST00676,Aditya Rao,aditya.rao676@email.com,9500244968,Delhi,2025-09-25,active
CUST00677,Aadhya Malhotra,aadhya.malhotra677@email.com,7167514229,Ahmedabad,2025-11-07,active
CUST00678,Sai Kumar,sai.kumar678@email.com,6569132884,Mumbai,2024-05-19,active
CUST00679,Vihaan Chopra,vihaan.chopra679@email.com,9913689120,Lucknow,2025-12-11,active
CUST00680,Sai Verma,sai.verma680@email.com,9346485166,Mumbai,2024-03-21,active
CUST00681,Priya Kapoor,priya.kapoor681@email.com,6485062769,Ahmedabad,2023-09-30,suspended
CUST00682,Aditya Mehta,aditya.mehta682@email.com,8813090060,Jaipur,2024-09-28,active
CUST00683,Ananya Kumar,ananya.kumar683@email.com,7859067602,Hyderabad,2026-03-10,active
CUST00684,Diya Verma,diya.verma684@email.com,6638465996,Jaipur,2023-10-17,active
CUST00685,Aarav Reddy,aarav.reddy685@email.com,8171396180,Ahmedabad,2024-05-31,active
CUST00686,Aditya Kapoor,aditya.kapoor686@email.com,7377111768,Chennai,2023-10-09,active
CUST00687,Neha Nair,neha.nair687@email.com,8364360455,Pune,2024-10-21,active
CUST00688,Aditya Malhotra,aditya.malhotra688@email.com,7907776673,Ahmedabad,2023-12-25,active
CUST00689,Priya Malhotra,priya.malhotra689@email.com,7357473928,Ahmedabad,2023-08-03,active
CUST00690,Vihaan Verma,vihaan.verma690@email.com,7770980600,Jaipur,2023-06-28,active
CUST00691,Aditya Joshi,aditya.joshi691@email.com,9822997184,Hyderabad,2026-01-17,active
CUST00692,Ananya Rao,ananya.rao692@email.com,9544683724,Hyderabad,2026-01-13,active
CUST00693,Ananya Kapoor,ananya.kapoor693@email.com,9078022953,Ahmedabad,2024-02-16,active
CUST00694,Vihaan Nair,vihaan.nair694@email.com,6009435833,Chennai,2026-06-01,active
CUST00695,Diya Kumar,diya.kumar695@email.com,6196615480,Ahmedabad,2024-04-10,suspended
CUST00696,Sara Kumar,sara.kumar696@email.com,7092164263,Hyderabad,2024-03-01,active
CUST00697,Aadhya Iyer,aadhya.iyer697@email.com,7962997637,Hyderabad,2025-05-20,active
CUST00698,Vihaan Chopra,vihaan.chopra698@email.com,6199717518,Lucknow,2024-03-06,suspended
CUST00699,Myra Malhotra,myra.malhotra699@email.com,8828049969,Jaipur,2024-03-29,active
CUST00700,Priya Sharma,priya.sharma700@email.com,8277897510,Jaipur,2025-11-30,active
CUST00701,Riya Kapoor,riya.kapoor701@email.com,9970142676,Bangalore,2024-06-17,active
CUST00702,Arjun Kumar,arjun.kumar702@email.com,7663894274,Lucknow,2025-04-17,active
CUST00703,Neha Verma,neha.verma703@email.com,7798151372,Hyderabad,2025-01-08,inactive
CUST00704,Aadhya Desai,aadhya.desai704@email.com,7263465731,Bangalore,2024-04-05,active
CUST00705,Sara Joshi,sara.joshi705@email.com,9620977113,Kolkata,2024-09-15,active
CUST00706,Reyansh Iyer,reyansh.iyer706@email.com,8680779364,Kolkata,2024-03-25,active
CUST00707,Sai Desai,sai.desai707@email.com,9050941750,Kolkata,2026-03-07,active
CUST00708,Riya Chopra,riya.chopra708@email.com,8895853722,Jaipur,2025-02-02,active
CUST00709,Sara Sharma,sara.sharma709@email.com,8245108207,Pune,2024-04-20,active
CUST00710,Vivaan Patel,vivaan.patel710@email.com,6858574346,Bangalore,2025-02-03,active
CUST00711,Ishaan Gupta,ishaan.gupta711@email.com,9605117440,Chennai,2024-08-18,active
CUST00712,Kavya Patel,kavya.patel712@email.com,7540529329,Delhi,2024-09-29,active
CUST00713,Kavya Verma,kavya.verma713@email.com,7020464793,Chennai,2023-10-02,active
CUST00714,Aadhya Verma,aadhya.verma714@email.com,7789138357,Kolkata,2023-10-16,inactive
CUST00715,Aarav Mehta,aarav.mehta715@email.com,6872252973,Ahmedabad,2024-10-01,active
CUST00716,Diya Iyer,diya.iyer716@email.com,9333524884,Hyderabad,2025-02-19,active
CUST00717,Myra Reddy,myra.reddy717@email.com,8931997465,Bangalore,2026-05-15,active
CUST00718,Vihaan Verma,vihaan.verma718@email.com,6174522691,Jaipur,2024-12-20,active
CUST00719,Arjun Reddy,arjun.reddy719@email.com,8508201018,Mumbai,2025-05-04,active
CUST00720,Myra Gupta,myra.gupta720@email.com,6171543543,Kolkata,2023-10-10,active
CUST00721,Pooja Joshi,pooja.joshi721@email.com,8106900240,Jaipur,2025-06-30,active
CUST00722,Aditya Desai,aditya.desai722@email.com,8256554634,Bangalore,2026-05-29,active
CUST00723,Aditya Reddy,aditya.reddy723@email.com,7786411073,Pune,2024-01-02,active
CUST00724,Diya Nair,diya.nair724@email.com,9794160110,Kolkata,2025-05-06,active
CUST00725,Diya Joshi,diya.joshi725@email.com,6938215334,Lucknow,2026-06-18,inactive
CUST00726,Priya Sharma,priya.sharma726@email.com,6492727022,Ahmedabad,2024-11-01,active
CUST00727,Pooja Nair,pooja.nair727@email.com,6171271484,Kolkata,2025-08-17,active
CUST00728,Vihaan Verma,vihaan.verma728@email.com,7102048042,Chennai,2023-08-17,active
CUST00729,Neha Rao,neha.rao729@email.com,8208940597,Ahmedabad,2026-03-20,active
CUST00730,Vivaan Joshi,vivaan.joshi730@email.com,9858090129,Kolkata,2026-05-15,active
CUST00731,Aditya Kumar,aditya.kumar731@email.com,6718955214,Jaipur,2026-06-24,inactive
CUST00732,Aarav Singh,aarav.singh732@email.com,6905299540,Hyderabad,2025-11-12,active
CUST00733,Vihaan Iyer,vihaan.iyer733@email.com,8309636755,Pune,2023-11-22,active
CUST00734,Arjun Sharma,arjun.sharma734@email.com,7972357370,Mumbai,2023-12-24,active
CUST00735,Aditya Patel,aditya.patel735@email.com,6764470510,Jaipur,2023-11-19,active
CUST00736,Riya Nair,riya.nair736@email.com,9912657541,Pune,2026-01-06,active
CUST00737,Aadhya Chopra,aadhya.chopra737@email.com,7358945892,Delhi,2026-06-27,active
CUST00738,Aarav Singh,aarav.singh738@email.com,9246826017,Mumbai,2023-11-23,active
CUST00739,Diya Kumar,diya.kumar739@email.com,7244838690,Chennai,2023-12-22,active
CUST00740,Shaurya Malhotra,shaurya.malhotra740@email.com,7638158847,Mumbai,2026-02-22,active
CUST00741,Sai Nair,sai.nair741@email.com,6585753895,Jaipur,2025-02-21,active
CUST00742,Arjun Joshi,arjun.joshi742@email.com,8908934292,Kolkata,2023-07-20,suspended
CUST00743,Kavya Gupta,kavya.gupta743@email.com,6529290976,Lucknow,2025-09-12,active
CUST00744,Kavya Singh,kavya.singh744@email.com,7308638549,Kolkata,2024-09-03,active
CUST00745,Sara Gupta,sara.gupta745@email.com,6691293717,Lucknow,2024-11-26,active
CUST00746,Reyansh Kumar,reyansh.kumar746@email.com,6778926596,Lucknow,2023-10-17,active
CUST00747,Kavya Malhotra,kavya.malhotra747@email.com,8768855958,Chennai,2023-11-12,active
CUST00748,Ishaan Kumar,ishaan.kumar748@email.com,6847902091,Ahmedabad,2025-05-05,active
CUST00749,Diya Gupta,diya.gupta749@email.com,8883192498,Delhi,2025-01-31,active
CUST00750,Pooja Singh,pooja.singh750@email.com,9865979921,Ahmedabad,2026-01-05,active
CUST00751,Ananya Joshi,ananya.joshi751@email.com,8978379982,Lucknow,2025-07-13,active
CUST00752,Ananya Chopra,ananya.chopra752@email.com,6724301196,Hyderabad,2024-09-23,active
CUST00753,Sara Mehta,sara.mehta753@email.com,9608245220,Kolkata,2026-03-06,active
CUST00754,Myra Malhotra,myra.malhotra754@email.com,7540783437,Ahmedabad,2024-02-05,active
CUST00755,Sai Singh,sai.singh755@email.com,9615473387,Bangalore,2024-08-03,active
CUST00756,Ishaan Singh,ishaan.singh756@email.com,9124268175,Mumbai,2026-05-01,active
CUST00757,Aarav Verma,aarav.verma757@email.com,9303689934,Mumbai,2024-12-12,active
CUST00758,Kavya Kapoor,kavya.kapoor758@email.com,8808514071,Kolkata,2025-09-08,active
CUST00759,Krishna Joshi,krishna.joshi759@email.com,6575015625,Jaipur,2023-12-30,active
CUST00760,Aadhya Rao,aadhya.rao760@email.com,8156792018,Hyderabad,2024-06-01,active
CUST00761,Neha Gupta,neha.gupta761@email.com,7916502228,Lucknow,2024-04-22,active
CUST00762,Priya Rao,priya.rao762@email.com,6173601852,Ahmedabad,2024-10-14,active
CUST00763,Aditya Mehta,aditya.mehta763@email.com,7586712032,Hyderabad,2026-05-23,active
CUST00764,Diya Verma,diya.verma764@email.com,8017235435,Mumbai,2023-09-17,suspended
CUST00765,Ananya Kumar,ananya.kumar765@email.com,9022524173,Chennai,2024-12-18,inactive
CUST00766,Riya Reddy,riya.reddy766@email.com,7617740533,Kolkata,2023-12-04,active
CUST00767,Neha Mehta,neha.mehta767@email.com,7616319802,Hyderabad,2026-05-20,inactive
CUST00768,Aadhya Rao,aadhya.rao768@email.com,9510005169,Ahmedabad,2026-03-11,suspended
CUST00769,Pooja Sharma,pooja.sharma769@email.com,8155373421,Ahmedabad,2024-06-01,suspended
CUST00770,Krishna Singh,krishna.singh770@email.com,8209937925,Hyderabad,2024-04-30,active
CUST00771,Sai Reddy,sai.reddy771@email.com,7555735702,Delhi,2024-10-11,active
CUST00772,Sara Desai,sara.desai772@email.com,9093474499,Ahmedabad,2026-03-05,active
CUST00773,Reyansh Reddy,reyansh.reddy773@email.com,8779957226,Mumbai,2024-11-08,active
CUST00774,Vivaan Gupta,vivaan.gupta774@email.com,8463105817,Bangalore,2026-05-12,active
CUST00775,Vivaan Gupta,vivaan.gupta775@email.com,6240140248,Bangalore,2026-05-21,active
CUST00776,Aadhya Sharma,aadhya.sharma776@email.com,9773167333,Chennai,2023-12-20,active
CUST00777,Reyansh Malhotra,reyansh.malhotra777@email.com,8605008864,Ahmedabad,2024-06-11,inactive
CUST00778,Krishna Chopra,krishna.chopra778@email.com,8580582653,Lucknow,2024-07-04,active
CUST00779,Pooja Mehta,pooja.mehta779@email.com,6720359227,Kolkata,2026-01-11,active
CUST00780,Pooja Singh,pooja.singh780@email.com,6987042690,Bangalore,2024-02-05,active
CUST00781,Aarav Iyer,aarav.iyer781@email.com,8245028124,Jaipur,2025-11-03,suspended
CUST00782,Arjun Kumar,arjun.kumar782@email.com,6762022478,Lucknow,2023-09-15,active
CUST00783,Kavya Kumar,kavya.kumar783@email.com,6400247855,Bangalore,2023-06-30,active
CUST00784,Sara Chopra,sara.chopra784@email.com,7590759039,Jaipur,2025-11-22,suspended
CUST00785,Krishna Kapoor,krishna.kapoor785@email.com,9391115405,Kolkata,2024-01-14,active
CUST00786,Sara Gupta,sara.gupta786@email.com,7093146603,Hyderabad,2023-12-16,active
CUST00787,Shaurya Chopra,shaurya.chopra787@email.com,7107263953,Mumbai,2026-06-02,active
CUST00788,Vihaan Sharma,vihaan.sharma788@email.com,7610741069,Kolkata,2025-10-12,active
CUST00789,Diya Kumar,diya.kumar789@email.com,6664768939,Lucknow,2024-11-28,active
CUST00790,Ishaan Chopra,ishaan.chopra790@email.com,8425240213,Chennai,2025-09-18,active
CUST00791,Reyansh Chopra,reyansh.chopra791@email.com,8371272694,Ahmedabad,2024-06-28,active
CUST00792,Diya Kapoor,diya.kapoor792@email.com,7089966667,Lucknow,2025-06-02,inactive
CUST00793,Aadhya Gupta,aadhya.gupta793@email.com,9672192390,Delhi,2024-10-10,suspended
CUST00794,Myra Reddy,myra.reddy794@email.com,6430693397,Pune,2025-05-21,active
CUST00795,Kavya Patel,kavya.patel795@email.com,6690364509,Mumbai,2023-12-31,active
CUST00796,Arjun Kapoor,arjun.kapoor796@email.com,9976546098,Delhi,2023-11-06,active
CUST00797,Ishaan Nair,ishaan.nair797@email.com,7592724766,Mumbai,2025-08-23,active
CUST00798,Aadhya Joshi,aadhya.joshi798@email.com,9056323761,Mumbai,2024-06-20,inactive
CUST00799,Priya Malhotra,priya.malhotra799@email.com,6046000830,Jaipur,2025-02-02,active
CUST00800,Reyansh Patel,reyansh.patel800@email.com,9367080161,Jaipur,2024-10-14,active
CUST00801,Pooja Reddy,pooja.reddy801@email.com,8894912687,Hyderabad,2023-06-28,active
CUST00802,Sai Singh,sai.singh802@email.com,7185139825,Kolkata,2025-09-14,active
CUST00803,Aadhya Iyer,aadhya.iyer803@email.com,8223687972,Delhi,2023-12-29,active
CUST00804,Kavya Joshi,kavya.joshi804@email.com,9118741999,Lucknow,2025-06-09,active
CUST00805,Diya Mehta,diya.mehta805@email.com,6971931819,Hyderabad,2026-01-14,active
CUST00806,Aadhya Sharma,aadhya.sharma806@email.com,7121448210,Jaipur,2024-02-01,active
CUST00807,Kavya Singh,kavya.singh807@email.com,8161095131,Delhi,2026-05-14,active
CUST00808,Ishaan Mehta,ishaan.mehta808@email.com,8981531341,Pune,2026-03-14,active
CUST00809,Krishna Desai,krishna.desai809@email.com,9331171506,Ahmedabad,2023-08-23,active
CUST00810,Priya Kumar,priya.kumar810@email.com,7107327477,Hyderabad,2024-10-10,active
CUST00811,Ananya Chopra,ananya.chopra811@email.com,7516536926,Mumbai,2024-12-18,active
CUST00812,Krishna Joshi,krishna.joshi812@email.com,6399472479,Kolkata,2023-11-30,active
CUST00813,Kavya Reddy,kavya.reddy813@email.com,8046790105,Hyderabad,2024-12-30,active
CUST00814,Sai Iyer,sai.iyer814@email.com,8143185843,Hyderabad,2024-11-04,active
CUST00815,Ishaan Iyer,ishaan.iyer815@email.com,6984438848,Hyderabad,2025-06-26,active
CUST00816,Arjun Kumar,arjun.kumar816@email.com,6514874186,Ahmedabad,2023-07-11,suspended
CUST00817,Kavya Patel,kavya.patel817@email.com,9642177784,Lucknow,2025-04-03,active
CUST00818,Priya Mehta,priya.mehta818@email.com,8107992942,Jaipur,2025-01-21,active
CUST00819,Aadhya Nair,aadhya.nair819@email.com,9221952990,Mumbai,2026-06-08,active
CUST00820,Sara Kapoor,sara.kapoor820@email.com,8322580659,Kolkata,2025-09-11,active
CUST00821,Sai Malhotra,sai.malhotra821@email.com,6516977385,Ahmedabad,2025-04-04,active
CUST00822,Aarav Sharma,aarav.sharma822@email.com,8895250612,Lucknow,2024-01-20,active
CUST00823,Ananya Rao,ananya.rao823@email.com,8631861860,Bangalore,2024-12-17,suspended
CUST00824,Krishna Mehta,krishna.mehta824@email.com,8024412906,Kolkata,2025-07-16,inactive
CUST00825,Sai Kapoor,sai.kapoor825@email.com,7820820806,Kolkata,2025-07-14,active
CUST00826,Aadhya Mehta,aadhya.mehta826@email.com,7935866295,Bangalore,2024-10-08,active
CUST00827,Vihaan Mehta,vihaan.mehta827@email.com,9453529865,Pune,2025-08-16,active
CUST00828,Reyansh Gupta,reyansh.gupta828@email.com,9436134704,Bangalore,2026-02-20,inactive
CUST00829,Aarav Reddy,aarav.reddy829@email.com,7810417494,Jaipur,2026-06-25,active
CUST00830,Ananya Kapoor,ananya.kapoor830@email.com,7288637003,Lucknow,2023-10-03,active
CUST00831,Aadhya Kumar,aadhya.kumar831@email.com,8965860354,Hyderabad,2024-11-29,active
CUST00832,Priya Kumar,priya.kumar832@email.com,7932111726,Chennai,2025-07-06,active
CUST00833,Diya Mehta,diya.mehta833@email.com,7478071244,Delhi,2025-06-16,active
CUST00834,Pooja Iyer,pooja.iyer834@email.com,8477568014,Jaipur,2024-06-19,active
CUST00835,Shaurya Rao,shaurya.rao835@email.com,7396252148,Ahmedabad,2025-12-29,active
CUST00836,Aditya Verma,aditya.verma836@email.com,8635665829,Bangalore,2024-06-05,active
CUST00837,Ananya Chopra,ananya.chopra837@email.com,8711298634,Pune,2023-11-21,active
CUST00838,Aditya Reddy,aditya.reddy838@email.com,7475860255,Kolkata,2025-02-13,active
CUST00839,Ishaan Verma,ishaan.verma839@email.com,7165001700,Kolkata,2026-05-29,suspended
CUST00840,Myra Chopra,myra.chopra840@email.com,6718625803,Mumbai,2024-03-10,active
CUST00841,Krishna Mehta,krishna.mehta841@email.com,9194920263,Delhi,2024-09-01,active
CUST00842,Sai Verma,sai.verma842@email.com,6442421654,Ahmedabad,2023-10-16,active
CUST00843,Aarav Verma,aarav.verma843@email.com,8250488948,Delhi,2024-01-26,active
CUST00844,Ishaan Gupta,ishaan.gupta844@email.com,6362114114,Pune,2025-03-22,active
CUST00845,Krishna Nair,krishna.nair845@email.com,9167938795,Bangalore,2024-03-22,active
CUST00846,Neha Reddy,neha.reddy846@email.com,6122712790,Kolkata,2025-04-24,active
CUST00847,Priya Malhotra,priya.malhotra847@email.com,9740479594,Chennai,2025-12-25,active
CUST00848,Arjun Reddy,arjun.reddy848@email.com,8537599506,Lucknow,2025-12-04,active
CUST00849,Neha Joshi,neha.joshi849@email.com,9903795231,Jaipur,2024-10-05,active
CUST00850,Aditya Malhotra,aditya.malhotra850@email.com,7322283789,Chennai,2024-05-11,active
CUST00851,Shaurya Sharma,shaurya.sharma851@email.com,6000396634,Bangalore,2025-06-01,active
CUST00852,Shaurya Kapoor,shaurya.kapoor852@email.com,8298232225,Ahmedabad,2026-03-01,active
CUST00853,Shaurya Sharma,shaurya.sharma853@email.com,9289383176,Chennai,2024-10-13,active
CUST00854,Aarav Rao,aarav.rao854@email.com,6809906184,Jaipur,2025-12-09,active
CUST00855,Aadhya Nair,aadhya.nair855@email.com,6701237129,Pune,2025-08-10,active
CUST00856,Krishna Mehta,krishna.mehta856@email.com,6340203212,Hyderabad,2026-05-21,active
CUST00857,Pooja Mehta,pooja.mehta857@email.com,7222677762,Jaipur,2024-12-29,active
CUST00858,Sara Iyer,sara.iyer858@email.com,9665677395,Bangalore,2025-02-10,active
CUST00859,Vihaan Malhotra,vihaan.malhotra859@email.com,8653127632,Lucknow,2026-03-31,active
CUST00860,Reyansh Desai,reyansh.desai860@email.com,6083302600,Jaipur,2023-08-12,active
CUST00861,Sai Kumar,sai.kumar861@email.com,7211672712,Ahmedabad,2023-07-14,active
CUST00862,Krishna Singh,krishna.singh862@email.com,6647181551,Hyderabad,2025-05-28,active
CUST00863,Sara Joshi,sara.joshi863@email.com,9374664629,Kolkata,2026-02-01,active
CUST00864,Vivaan Desai,vivaan.desai864@email.com,6344555557,Bangalore,2023-10-20,active
CUST00865,Ishaan Verma,ishaan.verma865@email.com,6306594932,Bangalore,2024-07-25,active
CUST00866,Ishaan Verma,ishaan.verma866@email.com,9557315473,Hyderabad,2025-08-24,active
CUST00867,Myra Nair,myra.nair867@email.com,9168049525,Hyderabad,2026-01-26,inactive
CUST00868,Vihaan Iyer,vihaan.iyer868@email.com,8030770268,Chennai,2025-04-19,active
CUST00869,Sai Patel,sai.patel869@email.com,9198567695,Jaipur,2024-03-04,suspended
CUST00870,Ishaan Kapoor,ishaan.kapoor870@email.com,8742422573,Kolkata,2023-10-12,active
CUST00871,Reyansh Kumar,reyansh.kumar871@email.com,7013465558,Kolkata,2023-07-28,active
CUST00872,Sai Mehta,sai.mehta872@email.com,8511253899,Hyderabad,2023-07-16,active
CUST00873,Vivaan Kapoor,vivaan.kapoor873@email.com,8956683572,Kolkata,2023-12-28,active
CUST00874,Krishna Reddy,krishna.reddy874@email.com,8147136659,Lucknow,2025-05-21,active
CUST00875,Vivaan Patel,vivaan.patel875@email.com,7526936792,Jaipur,2024-02-02,active
CUST00876,Arjun Kapoor,arjun.kapoor876@email.com,6999329934,Jaipur,2025-06-08,active
CUST00877,Myra Iyer,myra.iyer877@email.com,6091709704,Kolkata,2024-03-29,active
CUST00878,Ishaan Patel,ishaan.patel878@email.com,8084356796,Jaipur,2025-02-20,active
CUST00879,Kavya Kapoor,kavya.kapoor879@email.com,6815080993,Jaipur,2025-06-09,active
CUST00880,Ananya Malhotra,ananya.malhotra880@email.com,7182509541,Lucknow,2024-05-21,suspended
CUST00881,Aditya Gupta,aditya.gupta881@email.com,7930090462,Chennai,2025-07-18,active
CUST00882,Myra Sharma,myra.sharma882@email.com,9332542030,Pune,2024-07-11,active
CUST00883,Aarav Rao,aarav.rao883@email.com,9332965784,Kolkata,2023-11-04,active
CUST00884,Kavya Verma,kavya.verma884@email.com,6815483101,Ahmedabad,2024-05-08,active
CUST00885,Pooja Joshi,pooja.joshi885@email.com,7385556630,Kolkata,2024-02-09,active
CUST00886,Vihaan Singh,vihaan.singh886@email.com,6188021892,Bangalore,2024-06-27,active
CUST00887,Vivaan Iyer,vivaan.iyer887@email.com,6459798459,Delhi,2023-09-01,active
CUST00888,Riya Verma,riya.verma888@email.com,8825750278,Lucknow,2024-12-03,active
CUST00889,Vivaan Rao,vivaan.rao889@email.com,6947997148,Delhi,2023-07-24,active
CUST00890,Reyansh Kapoor,reyansh.kapoor890@email.com,9987463595,Delhi,2026-02-10,suspended
CUST00891,Vivaan Rao,vivaan.rao891@email.com,8396677171,Pune,2025-07-22,active
CUST00892,Vivaan Mehta,vivaan.mehta892@email.com,8272127173,Delhi,2025-03-11,active
CUST00893,Aditya Iyer,aditya.iyer893@email.com,8231172272,Hyderabad,2026-06-20,active
CUST00894,Aadhya Iyer,aadhya.iyer894@email.com,6829441721,Hyderabad,2024-06-28,active
CUST00895,Kavya Chopra,kavya.chopra895@email.com,9204511084,Lucknow,2025-06-30,active
CUST00896,Myra Chopra,myra.chopra896@email.com,9791700311,Bangalore,2025-09-27,active
CUST00897,Neha Desai,neha.desai897@email.com,8824077950,Lucknow,2025-12-21,active
CUST00898,Diya Desai,diya.desai898@email.com,8362581359,Kolkata,2025-07-28,inactive
CUST00899,Sara Chopra,sara.chopra899@email.com,9548308593,Lucknow,2024-11-01,active
CUST00900,Riya Iyer,riya.iyer900@email.com,7610883633,Chennai,2025-07-04,active
CUST00901,Myra Malhotra,myra.malhotra901@email.com,7705490992,Mumbai,2025-01-30,active
CUST00902,Pooja Sharma,pooja.sharma902@email.com,8223115272,Chennai,2023-07-11,active
CUST00903,Shaurya Nair,shaurya.nair903@email.com,6922656948,Mumbai,2025-01-13,suspended
CUST00904,Kavya Gupta,kavya.gupta904@email.com,6404960131,Kolkata,2024-05-12,active
CUST00905,Arjun Mehta,arjun.mehta905@email.com,7576609019,Hyderabad,2024-10-17,suspended
CUST00906,Ishaan Joshi,ishaan.joshi906@email.com,6394729488,Lucknow,2024-09-15,active
CUST00907,Aditya Desai,aditya.desai907@email.com,9405497598,Ahmedabad,2024-01-09,active
CUST00908,Pooja Joshi,pooja.joshi908@email.com,6160509766,Lucknow,2025-08-17,active
CUST00909,Aditya Patel,aditya.patel909@email.com,9959407935,Kolkata,2025-12-03,active
CUST00910,Sara Kumar,sara.kumar910@email.com,9735704638,Lucknow,2023-07-21,active
CUST00911,Aadhya Patel,aadhya.patel911@email.com,7309034704,Kolkata,2024-04-29,active
CUST00912,Ananya Nair,ananya.nair912@email.com,6657978181,Pune,2025-12-26,active
CUST00913,Pooja Singh,pooja.singh913@email.com,6953850512,Pune,2024-04-26,active
CUST00914,Arjun Desai,arjun.desai914@email.com,6354528565,Mumbai,2025-09-22,active
CUST00915,Ishaan Singh,ishaan.singh915@email.com,7711660604,Bangalore,2024-03-30,active
CUST00916,Priya Iyer,priya.iyer916@email.com,8095347470,Lucknow,2024-08-02,active
CUST00917,Kavya Nair,kavya.nair917@email.com,7040735415,Pune,2025-04-20,active
CUST00918,Riya Singh,riya.singh918@email.com,6483312111,Pune,2025-07-15,active
CUST00919,Diya Iyer,diya.iyer919@email.com,7377560770,Mumbai,2025-03-13,active
CUST00920,Sai Rao,sai.rao920@email.com,8646649013,Ahmedabad,2024-04-21,active
CUST00921,Myra Patel,myra.patel921@email.com,9969465472,Hyderabad,2025-08-01,active
CUST00922,Arjun Singh,arjun.singh922@email.com,6482632941,Hyderabad,2024-04-25,active
CUST00923,Shaurya Sharma,shaurya.sharma923@email.com,7474339313,Delhi,2025-03-13,active
CUST00924,Myra Kapoor,myra.kapoor924@email.com,6097702405,Jaipur,2024-09-03,active
CUST00925,Reyansh Mehta,reyansh.mehta925@email.com,8357078276,Bangalore,2023-08-04,active
CUST00926,Aadhya Patel,aadhya.patel926@email.com,7097176652,Chennai,2024-08-12,active
CUST00927,Pooja Mehta,pooja.mehta927@email.com,6227999411,Mumbai,2023-11-11,active
CUST00928,Aadhya Mehta,aadhya.mehta928@email.com,8847484445,Kolkata,2024-02-03,suspended
CUST00929,Aarav Joshi,aarav.joshi929@email.com,9725499475,Pune,2024-10-13,suspended
CUST00930,Aadhya Kumar,aadhya.kumar930@email.com,9882100932,Lucknow,2026-06-20,active
CUST00931,Aditya Reddy,aditya.reddy931@email.com,6854162477,Ahmedabad,2023-08-11,active
CUST00932,Vivaan Nair,vivaan.nair932@email.com,9961119979,Kolkata,2026-03-27,active
CUST00933,Aadhya Reddy,aadhya.reddy933@email.com,6078908105,Kolkata,2025-06-24,active
CUST00934,Shaurya Nair,shaurya.nair934@email.com,8152858629,Mumbai,2024-12-06,active
CUST00935,Aadhya Sharma,aadhya.sharma935@email.com,8383446351,Hyderabad,2024-05-03,suspended
CUST00936,Ananya Verma,ananya.verma936@email.com,8821500440,Pune,2026-05-29,active
CUST00937,Pooja Nair,pooja.nair937@email.com,7792433036,Bangalore,2025-11-17,active
CUST00938,Shaurya Desai,shaurya.desai938@email.com,7929166962,Hyderabad,2024-04-06,active
CUST00939,Riya Iyer,riya.iyer939@email.com,9704785815,Jaipur,2024-03-30,active
CUST00940,Sara Gupta,sara.gupta940@email.com,8818493901,Bangalore,2025-04-08,suspended
CUST00941,Aditya Kumar,aditya.kumar941@email.com,6790854733,Bangalore,2023-08-27,active
CUST00942,Ananya Chopra,ananya.chopra942@email.com,7766312876,Chennai,2024-05-04,active
CUST00943,Reyansh Kumar,reyansh.kumar943@email.com,6564985269,Lucknow,2024-12-25,active
CUST00944,Pooja Nair,pooja.nair944@email.com,8561349676,Mumbai,2025-07-02,active
CUST00945,Aditya Kapoor,aditya.kapoor945@email.com,6575897664,Lucknow,2026-02-12,active
CUST00946,Diya Reddy,diya.reddy946@email.com,9659868053,Ahmedabad,2024-04-04,active
CUST00947,Sai Iyer,sai.iyer947@email.com,6971835392,Mumbai,2024-12-31,active
CUST00948,Sara Nair,sara.nair948@email.com,9188440541,Hyderabad,2024-08-19,active
CUST00949,Aditya Reddy,aditya.reddy949@email.com,9981877920,Ahmedabad,2026-03-27,inactive
CUST00950,Ananya Malhotra,ananya.malhotra950@email.com,9812156793,Pune,2023-09-21,active
CUST00951,Pooja Verma,pooja.verma951@email.com,9093239371,Lucknow,2026-06-07,active
CUST00952,Vivaan Kumar,vivaan.kumar952@email.com,7939648421,Mumbai,2024-11-12,active
CUST00953,Neha Verma,neha.verma953@email.com,9157531471,Pune,2026-05-20,active
CUST00954,Vivaan Iyer,vivaan.iyer954@email.com,7250605847,Chennai,2025-02-02,active
CUST00955,Myra Reddy,myra.reddy955@email.com,7814461270,Mumbai,2026-05-21,active
CUST00956,Arjun Malhotra,arjun.malhotra956@email.com,9564365447,Delhi,2026-04-18,active
CUST00957,Vihaan Reddy,vihaan.reddy957@email.com,9344624788,Jaipur,2024-03-31,active
CUST00958,Aadhya Chopra,aadhya.chopra958@email.com,7389254115,Bangalore,2026-01-12,active
CUST00959,Riya Iyer,riya.iyer959@email.com,9790516721,Chennai,2025-04-21,active
CUST00960,Sai Kumar,sai.kumar960@email.com,6391663395,Ahmedabad,2025-07-10,active
CUST00961,Aditya Verma,aditya.verma961@email.com,9121899351,Jaipur,2024-05-20,active
CUST00962,Aadhya Verma,aadhya.verma962@email.com,6188575177,Kolkata,2024-04-30,active
CUST00963,Sai Gupta,sai.gupta963@email.com,6768226906,Mumbai,2025-11-03,active
CUST00964,Shaurya Joshi,shaurya.joshi964@email.com,9136020829,Ahmedabad,2025-02-08,active
CUST00965,Sai Kumar,sai.kumar965@email.com,9859208130,Hyderabad,2023-07-05,active
CUST00966,Pooja Mehta,pooja.mehta966@email.com,6052431950,Ahmedabad,2023-07-09,active
CUST00967,Pooja Kapoor,pooja.kapoor967@email.com,7021679756,Ahmedabad,2026-01-12,active
CUST00968,Sara Malhotra,sara.malhotra968@email.com,6341041534,Mumbai,2024-11-10,active
CUST00969,Kavya Mehta,kavya.mehta969@email.com,8661874865,Hyderabad,2023-10-06,active
CUST00970,Sai Gupta,sai.gupta970@email.com,6236497814,Mumbai,2024-04-20,active
CUST00971,Vivaan Joshi,vivaan.joshi971@email.com,7422111278,Mumbai,2024-02-06,suspended
CUST00972,Sara Reddy,sara.reddy972@email.com,6692929517,Lucknow,2024-06-25,active
CUST00973,Myra Rao,myra.rao973@email.com,6153931824,Chennai,2025-04-19,active
CUST00974,Diya Verma,diya.verma974@email.com,9523010269,Pune,2023-11-07,active
CUST00975,Shaurya Kapoor,shaurya.kapoor975@email.com,6577869770,Chennai,2025-05-02,active
CUST00976,Neha Chopra,neha.chopra976@email.com,8253338333,Hyderabad,2023-10-25,active
CUST00977,Vihaan Singh,vihaan.singh977@email.com,8077316693,Lucknow,2025-02-05,active
CUST00978,Sara Desai,sara.desai978@email.com,7115231376,Lucknow,2025-06-21,active
CUST00979,Arjun Kapoor,arjun.kapoor979@email.com,8232119411,Ahmedabad,2026-04-01,active
CUST00980,Sai Nair,sai.nair980@email.com,9043358286,Hyderabad,2023-07-01,active
CUST00981,Vihaan Sharma,vihaan.sharma981@email.com,7996668602,Delhi,2024-08-25,active
CUST00982,Pooja Chopra,pooja.chopra982@email.com,7778293161,Kolkata,2024-09-04,active
CUST00983,Aarav Iyer,aarav.iyer983@email.com,8963600727,Delhi,2025-03-19,active
CUST00984,Shaurya Desai,shaurya.desai984@email.com,9294379963,Kolkata,2025-05-27,active
CUST00985,Aadhya Sharma,aadhya.sharma985@email.com,9573596487,Kolkata,2025-05-20,active
CUST00986,Priya Kapoor,priya.kapoor986@email.com,9424181518,Bangalore,2026-03-10,active
CUST00987,Arjun Malhotra,arjun.malhotra987@email.com,9831361318,Kolkata,2026-01-30,suspended
CUST00988,Sara Patel,sara.patel988@email.com,9586751837,Lucknow,2025-04-04,active
CUST00989,Kavya Sharma,kavya.sharma989@email.com,6894480510,Kolkata,2025-06-21,active
CUST00990,Aditya Gupta,aditya.gupta990@email.com,7204566630,Kolkata,2025-08-04,active
CUST00991,Kavya Reddy,kavya.reddy991@email.com,8452347464,Bangalore,2024-02-22,active
CUST00992,Shaurya Desai,shaurya.desai992@email.com,9048739665,Pune,2023-12-22,active
CUST00993,Priya Nair,priya.nair993@email.com,7595939306,Chennai,2024-09-12,active
CUST00994,Neha Joshi,neha.joshi994@email.com,6751674031,Mumbai,2024-08-14,active
CUST00995,Aditya Malhotra,aditya.malhotra995@email.com,8173230664,Ahmedabad,2026-04-17,active
CUST00996,Arjun Iyer,arjun.iyer996@email.com,7460786685,Jaipur,2025-03-24,suspended
CUST00997,Ananya Gupta,ananya.gupta997@email.com,9304897412,Jaipur,2024-03-25,suspended
CUST00998,Reyansh Patel,reyansh.patel998@email.com,7972972298,Jaipur,2024-02-20,active
CUST00999,Aarav Joshi,aarav.joshi999@email.com,6189107235,Lucknow,2023-12-23,active
CUST01000,Ananya Malhotra,ananya.malhotra1000@email.com,9819024279,Jaipur,2025-03-28,active
CUST01001,Aarav Joshi,aarav.joshi1001@email.com,8743843492,Kolkata,2024-08-11,suspended
CUST01002,Reyansh Joshi,reyansh.joshi1002@email.com,7188200713,Ahmedabad,2024-02-23,active
CUST01003,Ishaan Gupta,ishaan.gupta1003@email.com,6676440254,Mumbai,2026-05-15,active
CUST01004,Vihaan Iyer,vihaan.iyer1004@email.com,8330143102,Kolkata,2025-01-03,active
CUST01005,Arjun Joshi,arjun.joshi1005@email.com,8465667475,Delhi,2025-03-26,active
CUST01006,Pooja Desai,pooja.desai1006@email.com,8321760970,Bangalore,2023-08-26,active
CUST01007,Priya Patel,priya.patel1007@email.com,6454952643,Delhi,2025-11-17,active
CUST01008,Aadhya Reddy,aadhya.reddy1008@email.com,9026567207,Lucknow,2025-12-27,active
CUST01009,Pooja Rao,pooja.rao1009@email.com,7341922388,Hyderabad,2026-06-24,active
CUST01010,Aditya Malhotra,aditya.malhotra1010@email.com,8438636480,Ahmedabad,2024-01-13,active
CUST01011,Myra Joshi,myra.joshi1011@email.com,8939810510,Ahmedabad,2026-02-15,active
CUST01012,Krishna Nair,krishna.nair1012@email.com,6617279928,Lucknow,2024-12-07,suspended
CUST01013,Diya Verma,diya.verma1013@email.com,6787495451,Kolkata,2025-04-23,active
CUST01014,Myra Kapoor,myra.kapoor1014@email.com,6129983470,Delhi,2025-06-16,active
CUST01015,Priya Malhotra,priya.malhotra1015@email.com,9632538452,Kolkata,2024-03-14,active
CUST01016,Neha Kumar,neha.kumar1016@email.com,7742408003,Delhi,2025-04-25,active
CUST01017,Kavya Singh,kavya.singh1017@email.com,9403464975,Ahmedabad,2025-09-25,active
CUST01018,Riya Chopra,riya.chopra1018@email.com,7024673062,Jaipur,2024-05-18,active
CUST01019,Priya Verma,priya.verma1019@email.com,6283725262,Lucknow,2025-11-26,active
CUST01020,Sara Desai,sara.desai1020@email.com,8338725151,Bangalore,2023-12-04,active
CUST01021,Riya Kapoor,riya.kapoor1021@email.com,6491012945,Ahmedabad,2025-04-24,active
CUST01022,Kavya Kumar,kavya.kumar1022@email.com,9530562130,Chennai,2025-10-06,active
CUST01023,Aditya Kumar,aditya.kumar1023@email.com,8944237345,Pune,2025-04-28,active
CUST01024,Priya Patel,priya.patel1024@email.com,6388836304,Bangalore,2023-06-28,active
CUST01025,Arjun Gupta,arjun.gupta1025@email.com,7945510312,Pune,2025-12-29,active
CUST01026,Reyansh Iyer,reyansh.iyer1026@email.com,8927092297,Chennai,2025-03-12,suspended
CUST01027,Sara Rao,sara.rao1027@email.com,6383486488,Lucknow,2026-05-08,active
CUST01028,Aadhya Gupta,aadhya.gupta1028@email.com,9661481856,Kolkata,2023-10-14,active
CUST01029,Aarav Rao,aarav.rao1029@email.com,6471150679,Mumbai,2024-10-21,suspended
CUST01030,Sara Verma,sara.verma1030@email.com,8685274976,Pune,2025-10-06,active
CUST01031,Aadhya Chopra,aadhya.chopra1031@email.com,8341267390,Bangalore,2026-02-24,active
CUST01032,Arjun Iyer,arjun.iyer1032@email.com,8385517516,Kolkata,2025-10-29,active
CUST01033,Arjun Joshi,arjun.joshi1033@email.com,9748371263,Bangalore,2023-07-21,active
CUST01034,Aditya Sharma,aditya.sharma1034@email.com,6618457607,Ahmedabad,2025-12-08,active
CUST01035,Arjun Singh,arjun.singh1035@email.com,6589356566,Pune,2026-01-16,active
CUST01036,Pooja Chopra,pooja.chopra1036@email.com,8676831869,Jaipur,2025-11-12,active
CUST01037,Kavya Malhotra,kavya.malhotra1037@email.com,7652337143,Bangalore,2025-11-13,active
CUST01038,Pooja Sharma,pooja.sharma1038@email.com,8482226946,Hyderabad,2026-04-20,active
CUST01039,Ishaan Chopra,ishaan.chopra1039@email.com,9979564028,Kolkata,2023-09-04,active
CUST01040,Vivaan Kapoor,vivaan.kapoor1040@email.com,9027447478,Lucknow,2026-03-10,active
CUST01041,Aditya Gupta,aditya.gupta1041@email.com,9136122697,Chennai,2026-02-04,active
CUST01042,Neha Singh,neha.singh1042@email.com,8247800298,Delhi,2024-11-11,suspended
CUST01043,Priya Singh,priya.singh1043@email.com,8938075532,Lucknow,2025-03-28,active
CUST01044,Pooja Patel,pooja.patel1044@email.com,9880869195,Mumbai,2026-02-12,active
CUST01045,Myra Kapoor,myra.kapoor1045@email.com,8465162177,Pune,2025-06-19,active
CUST01046,Shaurya Joshi,shaurya.joshi1046@email.com,6719442108,Lucknow,2025-03-11,active
CUST01047,Riya Mehta,riya.mehta1047@email.com,6263787271,Lucknow,2024-06-08,active
CUST01048,Riya Patel,riya.patel1048@email.com,8818872419,Lucknow,2023-08-22,inactive
CUST01049,Shaurya Kapoor,shaurya.kapoor1049@email.com,6354378489,Delhi,2025-01-17,active
CUST01050,Ishaan Gupta,ishaan.gupta1050@email.com,8644831247,Chennai,2023-07-27,active
